*
NOTE Diamond (64-bit) 3.14.0.75.2 JEDEC Compatible Fuse File.*
NOTE Copyright (C), 1992-2010, Lattice Semiconductor Corporation.*
NOTE All Rights Reserved.*
NOTE DATE CREATED:	Tue Sep 15 19:31:24 2026*
NOTE DESIGN NAME:	brainfuck_uP_brainfuck_uP.ncd*
NOTE DEVICE NAME:	LCMXO2-640HC-4TQFP100*
NOTE JEDEC FILE STATUS:	Final   Version 1.95*
NOTE PIN ASSIGNMENTS*
NOTE PINS pData[7] : 39 : inout*
NOTE PINS pData[6] : 38 : inout*
NOTE PINS pData[5] : 37 : inout*
NOTE PINS pData[4] : 36 : inout*
NOTE PINS pData[3] : 35 : inout*
NOTE PINS pData[2] : 34 : inout*
NOTE PINS pData[1] : 32 : inout*
NOTE PINS pData[0] : 31 : inout*
NOTE PINS portRD : 77 : out*
NOTE PINS portWR : 78 : out*
NOTE PINS outPort[7] : 88 : out*
NOTE PINS outPort[6] : 87 : out*
NOTE PINS outPort[5] : 86 : out*
NOTE PINS outPort[4] : 85 : out*
NOTE PINS outPort[3] : 84 : out*
NOTE PINS outPort[2] : 83 : out*
NOTE PINS outPort[1] : 82 : out*
NOTE PINS outPort[0] : 81 : out*
NOTE PINS p[16] : 17 : out*
NOTE PINS p[15] : 18 : out*
NOTE PINS p[14] : 16 : out*
NOTE PINS p[13] : 20 : out*
NOTE PINS p[12] : 15 : out*
NOTE PINS p[11] : 25 : out*
NOTE PINS p[10] : 40 : out*
NOTE PINS p[9] : 24 : out*
NOTE PINS p[8] : 21 : out*
NOTE PINS p[7] : 14 : out*
NOTE PINS p[6] : 13 : out*
NOTE PINS p[5] : 12 : out*
NOTE PINS p[4] : 10 : out*
NOTE PINS p[3] : 27 : out*
NOTE PINS p[2] : 28 : out*
NOTE PINS p[1] : 29 : out*
NOTE PINS p[0] : 30 : out*
NOTE PINS RD : 41 : out*
NOTE PINS WR : 19 : out*
NOTE PINS pc_pins[17] : 66 : out*
NOTE PINS pc_pins[16] : 67 : out*
NOTE PINS pc_pins[15] : 68 : out*
NOTE PINS pc_pins[14] : 65 : out*
NOTE PINS pc_pins[13] : 64 : out*
NOTE PINS pc_pins[12] : 69 : out*
NOTE PINS pc_pins[11] : 60 : out*
NOTE PINS pc_pins[10] : 42 : out*
NOTE PINS pc_pins[9] : 62 : out*
NOTE PINS pc_pins[8] : 63 : out*
NOTE PINS pc_pins[7] : 70 : out*
NOTE PINS pc_pins[6] : 71 : out*
NOTE PINS pc_pins[5] : 74 : out*
NOTE PINS pc_pins[4] : 75 : out*
NOTE PINS pc_pins[3] : 51 : out*
NOTE PINS pc_pins[2] : 52 : out*
NOTE PINS pc_pins[1] : 53 : out*
NOTE PINS pc_pins[0] : 54 : out*
NOTE PINS inPort[7] : 96 : in*
NOTE PINS inPort[6] : 97 : in*
NOTE PINS inPort[5] : 98 : in*
NOTE PINS inPort[4] : 99 : in*
NOTE PINS inPort[3] : 1 : in*
NOTE PINS inPort[2] : 2 : in*
NOTE PINS inPort[1] : 3 : in*
NOTE PINS inPort[0] : 4 : in*
NOTE PINS incoming : 76 : in*
NOTE PINS bfup_clk : 8 : in*
NOTE PINS reset : 7 : in*
NOTE PINS instruction[7] : 43 : in*
NOTE PINS instruction[6] : 45 : in*
NOTE PINS instruction[5] : 47 : in*
NOTE PINS instruction[4] : 48 : in*
NOTE PINS instruction[3] : 49 : in*
NOTE PINS instruction[2] : 59 : in*
NOTE PINS instruction[1] : 58 : in*
NOTE PINS instruction[0] : 57 : in*
QP100*
QF171904*
G0*
F0*
L000000
11111111111111111011110110110011111111111111111100111011000000000000000000000000000000100000000000000000000000000100000100000011
00101000100100000000010100001001010010001111111101000110000000000000000000000000101110001110000000000000110101110000000000000000
00000000000000000000000000000000000000000000000000000000000000000000000000000000000000000000000000000000000100010000000000000000
00000000100010000000000000000000000001000100000000000000000000000010001000000000000000000000000100010000000000000000000000010010
00000000000000000000000010010000000000000000000000000100100000000000000000000000001001000000000000000000000000010010000000000000
00000000000000000000000000000000000000000000000000000000000000000000000000000000000000000000000000000000000000000000000000000000
00000000000000000000000000000000000000000000000000000000000000000000000000000000000000000000000000000000000000000000000000000000
00000000000000010001001001110001000110101111000000000000000000000000000000000000000000000000000000000000000000000000000000000000
00000001000010000000000000001001100100101000100110010001100100101110011100001101100000001001010000000000100100000000000000000000
00000000000000000000000000000000000000000000000000000001000000000000000000000000001100100100010110000100011000001000110000000000
00000000000000000000001011100000000000000000000000000000000000000000000000000000000000000000000000000001000010001000100111000100
00000000000000100111000000000000000000000000000000000000000000001001010000100001100111000000000000000000000000000000000000000000
00000000000001000010001000000000000000000000000000000000000000000000000000000000000000000000000000000000000000000000000000000001
00000000000000001000010001001110001001000000000000000000000000000000000000000000000000000000000000000000000000000000000000000000
00000000000000000000100111000000000000000000000000000000000000000000000000000000100100000000000000000000000000000000000000000000
00001000010000000000000000000000000000000000000000000000000000000000000000000000000000000000001100110000000000000000000000000000
00000000000000000000000000000000000000000000000000000000000000000000000000000000000000000000000000000000000000000000000000000000
00000000000101110000000000000000000000000000000000000000000000000000000000000000000000000000000000000000000000000000000000000000
00010001010011101100110000000000000000000000000000000001100110000000000000000000000000000000000000000000000000000000000000000011
01010000000000000000000000000000000000000000000000000000000000000000000000000000000000000000010000000000000000000000000000000100
11000000100110000000000000000000000000000000000000000000000000000000000000000000000000000000000000000000000000000000000000000000
00000000000000000000000000000000000000000000000000000000000000000000000000000000000000000000000000000000100100000001001000000000
00001100110000000000000000000110101000000000000001000010000000000000000000000000000000000000000000000100001000000000000000000000
00000000000000000000000000000000000000000110101000000101011000000100111000000000000000000000000000000000000000000000000000000000
00000000000000000000000000000000000000000010010100000000000000000000000000000000000000000000000000000000000000000000000000000000
00000000000000000000000000000000101011000000000000000000000000000000000000000000000000000000000000000000000000000000000000000000
00000000000000000000000000000000000000000000000000000000000000000000000000000000000000000000000000000000000000000000000000000000
00000000001001000000000000000000000000000000000000000000000000000000000000000000000000000000000000010000000001001101000000000000
00000000000000000000000000000000000000000000000000000000000000000000000000000000000000000000000000000000000000000000000000000000
10101100000000000000000000000000000000000000000000000000000000000000000000000000000000000001000100000100101100010000000000000000
00000000000000000000000000000000000000000000000000000000000000000000000000000000000000000000000000000000000000000000000000000000
00000000000000000000000000000000000000000001000001000110100001001000111001010000011100000011011010000011000100011000111001010100
01100000000000010010100100100001001010000000000000000001000101000100001001010001000110100101000000000000000000000000101001101001
00000000000000000100110010001110011000000000001000110000000100110100101000000000000011100000101101001001000100000000000010101000
00001000110000000100111111000000100000100000111010001010011010010000000000000000000000000000000000100110000001000101001000010011
10000010001100000000000010011001111000000000000000001000000010001100100110010011000000100011000000100111000000000010011000010000
00100110000000000000000000000000010011010011000000000000010011100100011010000000100001000000100010000000110000110010000111000110
00010000000000000000000001011110100100000010000000000000000000101110011011010010100100000110101100100000000000000000000000000100
10010010000000000010011000001000100000000000100010000001000001000001001000000101011011001110000011100101000010010000100101100000
00010000010001000000110100001000001000000000000000001001110001001000100100100010001000110000000000000000000000000000110000111100
01100111100000001000000101111000001001100001001110000010011000000000010001110011010011101000000100010010000100111000001010011011
10001000100111000101010000000100011001000110010010100001000110000111000011010011000100111100000111010001010011010011100000000000
00000001000100000000000001100111100000000000100110000101101000000001000101110000100111100000000001000101001111110100000000101101
10110100100110001001101000000100001101001000001000000010001101000100000000000000010010110000000010001010011110000001001101000110
00000000000000000000000001100001111000000000000001000111011111100000110000100011000000001000101100001100000000100001001000101111
01000000100110101111100001100100010010000000000101011100100001001100010011000100110001001010000000100100000100110000110101100100
00000000000000000001001110000000000001100010100011101000000100010010010111000100101001011001111000001001000100010000100001000100
10100000010001010001111000100011000001001011001111000011111000000111000010010000110001010011110010110100111000110001000001110100
10001000001001001010101000001010011001011001001000101111000000111000001011101000011001011100010010101100100010011010100000101010
10011000111010000101001011001100010001000000101001000010010000000010000000000000000000000110011110010010000000101110010001110000
10100111000100111100000000000000000010111010000010010110001110100111010000101000111001011100010010100110100010000010111101000000
10010010010101010010110001101100110001010101100001010100100100001000100100001000111010110000100011100010001110000011000000000100
00001001110010000010011100000000000000000110011110000011000110000110110000000010000110010010000100100101010001000010000000010010
00100010000000100010011101000000001011011000010010011001000111101010000111000100010011000110010011001000111001011000110100111110
01011000010100110010101001001011111001010011100010001001101100100010010011000100010000000000000000010000110011010000100000000000
00110000111100000000000001000001001101000111101100001001000101000100100001000000000100000000000110010001010011001001101001010010
00100000100001110101000101001001110000100010010110011010011101001111110000100110000011010000010011100011011010011101000010100001
10010011100001001000101100110000010011100011001101001000000000000000001000100000000000000000000001100111110000000000101001001000
11010100110110110011110101000110100110010011100100101010010000100010100111001100100010110000011001110001000011010001001001111000
00000110100010011000001101000111001110111000100010010011000100011000010100110011000101001110010101010010001001110100000011011000
10110101000010010010010010000010000100100100100100100001110100101010000010010100000001000011001100000100011000100111000001001110
00000110000111100000000000001000100100101100101010000101001110000000001001110011010110000011100001001001100100101010010011011010
00100010001000111001001111000000111000000100100111011100001001000100010010000110101000010011000111000001010011001001010100010000
00001001000001101000010000000100000100010000000000000000000000000110011110001011000000000000000100111100111110000101000000011000
11000011001001000001001010010000010001011100000100001000001010101000111001101110000010100001110010000110011010001010011110001111
00100010110001000110011010011010010010000010110110011101001110100011010011110010101001011101000010100101010011001001101110111001
10010110000010000010000110010000000101001010001010011000000001000010000010000100000000000000000000001000010010001110001011010001
01010011000000010011000000001000101010011011111001000110101000001000111001101001101001001001000111000100010101111100110000100101
10011110001111010100011001000111000001011001001001100100110110100001010001101001011100110010111000101011100010101110000001100011
00011000110010100100001000101100110000001100010010000000100000100011000010011000000000000000000000100111000000011010100101110010
10010001101110000010001010011000111010011000111110100000000010011110110100110000011010011110011101001001100011001111000000111010
10000100111100101110100001010001101100010001000101010100010110101000000010000010001010111010010100010110010101000001010101001101
01100001000011000001000000000100000100110000101011001001111001010100010000100101000000000000000000000000000000000000000010001110
01110110000101011101010000010001101001101000110010001000000010001101000110110001000100000010011011110100100000100111101111100101
10010000111000101010101111100000100001110100110100110100001101111001001111110000100110110000010000010010001001100000011110000001
00110100011000100100001000010000000000000000000000000000000110001100001000010010000110000110000000000011010100101001011001100011
00000110110011001000010010011100000101000010100110011011010001001001000011010010010110110000110110000001011001101000011100110010
00011100111000111000000110001100011010000101001011100110000110101000001000101000010111001001000010001110010001000010100010100011
01101000010101001100110010110100000000000000000000000000010000100000000001000000010011010011001001101001101101000010100110010010
00100100010000001001100100111001001101100000110100011111000100010111110011001000011101000010100111000100001000010001010000110000
10110001000110011001000000100110001000101000111100010001100110010011000110011000101000011001100010101111011100000100101010010000
00000000000000000000000000000000000001100010100001000110001001000010010100010011110000110110110001011000101000001100101010110001
01000010011110011100101010111000100001001111000111000011001101100010001010010110010110001110001011001011001110001000111100100001
00011110001100011100010011001100100101100100100101111001001010011010011100110010100110001110010000010001100011001010101100001010
10011110001110000001000110100110100101100110100001000001001010010000110011010001100000010011100000000000000001001000100111100110
00010000010011101000100011000010100111000001000101100011010100001001110000100010000100101100001010011011101000000100010001001000
10011110111110000110000100100101100001010001010010101000101000010100001101010000110010100101110100000010000101001010000100010010
00111000001000000110100100100000000100100000010011100000100001000000000000000001010010000100100010111001001110100000110001100001
00100101110100011101011100011100001100110110010000101100000110110001001010011100011100000011000011001000100000010001000001100001
01010011110001110000110010001000001000011101011000110001000101101100001010000001001100010000010000110000111010100100100000100111
00010011001001001000001101000010010010001000110100100101001100100001100000110000010000001001010000000000000000000010010000100010
01000110001100100100100001100011010011000100011110100010001000100001110000100110011000010011000001000001001010100001100100101100
10000010111101100100100100001001110001000100110100110100000100111000110010010011010100001000001000001001101000111000101000111000
11010011001100010100100111100111100100100110100001101111000010011011010001000000000000000000001001011001110000000000000000000000
01100010011101000100101101000111100110001100110111111111110010010010100011111111001010101100111111111111110010110011001111111111
11110010101011001111111111111100101100110101100101000111100000111111111000001100010011111100100000101000010111000010010101100001
11110011101000001110101111001111001000011110011001111100111011101110111010000110101010110010101110111011111101110100111111101001
01000111100000001010001010000101000101000101010011010101011011000110101010110100111110011110000000001010000000000000000000100100
00000001010001100110000101000111111000010001100100100101000101110101010111100000010111010110011110000001011101010101111000000101
11010110011010110011010001000111011101110100000100100110001000111110010001000111000001010001001000001000010010000101000111000001
11010111110010011000110011111000000011010011001010001001001110111011111101101110001110100010100010010011100110011111011101100011
01010001001001101111111111100000011000010101010001111110000100100111111111010100010101110100011010101011001111010001111001100010
10000000000001101101111100011000000000000000000000000000000010000111111100000110011011111101010000110101100110111010000011100101
01101110100111111100000010111010000011100101011011101001111101011001111111110001100110011111010100001110011011111100100001001001
11100100011011000001100001011001010111110111111110001010010111000111101110100100100111100110011011010001101010111111110111101101
00011111110011110110001101111001010100111110111110100000001101011101111000100010000101111110000001010001100101101101000101000111
01101001010001010001011011010000000000001101101111000000000000000000000001101011111001111111011111111000001100110111111111110001
10101100111111111001000001110010101111111110010011111001111111111111100100000111001010111111111001001111101011001111111110001101
11011111111111000111001101111111110010011111110100111011101100111101110110100001101101111111111010001111011101100110001111011100
01101011111101000011011101111111001111010100011001111110101000111111110100111010101001101011101111000100001000001010000100000010
11110011100000100101000011110111010000000001010000000000000000000000000010000001000001001100010000000100111110110100010000011110
00001001001111101101000100000111100000100100111110110100010000011110000010010011100100000010000010011000100001100111010011100100
00000100111001000000010011100100000001001110000010011100100001100111010011101000001111000010100111100000100110110110100010000011
11000001000000000000000000000000000000000000000010001100100000000000000000101101000010000010111100000001001000010000110101100000
10010001010010001011010101101001000110000000000000101001100101000100010000010101000000000000010010100001000111010011001001001000
00000000000000001001010011000011000001001010000000000000010010101001110010000000000000100110100000010001000000000000010010110001
10000000100000111000001010111110010101001000000100111010000001000110000000100000000000000000000000000000001001100000000000001011
01000000000000001000110000000100110001100001100010110110010000100110100111000000100010100111000010011000000001000000110100010010
01101110001000000010001010011100010011001000100001000110010001010011100111000100000000010011010011000000000000000000000000001001
11001000110000000000000100011110010010010001000010001100100001100111010000100001011111000010000000000010000010010100000000010111
10100001100110000000001011111000000010011100100001010001000001000110000100001000000000000010011000000000000000100000100110000001
00110000000000000000010000110110111000100010000100001000010000010010101001010010000010010000001010110100000100100000101011010010
00000000001001010000000000010100111000011001111000000001000001001101001010000000101110000110011110000000001000000100000100110000
01000010000010001000100111011100000101001100000111000001010011001000011001110000000010001000010000000001001000100000100110000100
01101000010000010001001000000001000100010011110000001000001001011000110000010111001000000100010010011000010001100000001000011001
11100011011001111000000000001101000100000100111010000100000000010000000000100000000000010000101001010000010011100011010000100100
01010011000100010000100101010000001000010000010101110011000000000110100001010011000000101011000010011001011011001000001000110000
00001100001011000000000000101111010010001000010010000110010000001000001001001000100000000000000000010001000010000000001011111010
11100100010110000101011100110000001011010100110001000000100010000010011110001000101111110000011010010010010100000101110001011111
00001000000010001100000000000000000001110000100010011101000100110100101011100010100001010011010111100010001100110001000000001001
11111000100000101011110010000100110001010011100000011100000110111010000010011110000110111011000110011000000100111010000011000010
10100011100111101001100100100010110010000110000110001110011110000111100100101101101000111000100010011111101000000101100111000011
01001001001101000111000011000101010111000011000101001110001000011100100001100011010000111100000011110000101110100010110110101000
11011100100010100100011000010101100100101111100000010011100100011010000100011010100000000000000001100111100100100100001100010100
10001100100011110100001110000000010110010010100100101100110100011010001001010111000011001100010011011101101010100111110000101101
00110111110010010110000110101000010010000110100010011001110001100011000001110000010100100100011001000100100111110000101110000110
00001000011000011000010111001100010001010011011010000101100011100100110100000010010010010010110001100001010011101010011101010000
11010001101100101011001010011000101001000010000110000101100100100001001010100001100100100101010010110101101101100000101110000000
10001100011001111000100011010110101101010000000101001010001110010000100011110001001000001100010100101100111010001000010000111001
00010110010001000110010110010001101100100010001110001001100010100101100001010011110011110001101100100100100111010101001100010001
11101000001001100100101111000001010011111100011001001000100101100011100101100110000100001111000001011101000000011100001000000001
10010100100101001010000011000110001001010010000010000010001100100100001001001110011001101100000000011000010110000000000010001100
10000111010001011001100001100100010100110111010000001000001000011100010010110011000110001101110100000110000110010001010110110011
01001011010010100001110010001010011001110001000110110010011001000101100100100100101111100000010110010001011011000101110000101100
11110011010011110010111000110001110000100110000011010011110000110000110001111000001101010100001011110010011111011000000111100010
01100110000001000010011000100010111010000000011010000101011000010011010000101001111111000000100010010111110010000001100010110100
11100000000000000110011111000010011100010001010011110000011110100001101100000010001001100100100110100001000010100110011101110001
00001000111000111100010101110000011011001100001001111000110111010000000001011011101000010110010001010010101000101000101101000100
11000011000100100001100010001100110001101100010111000000111101010001000011001101001010010111101101010000010000011010100101110100
00111011100011000000010001110001001000111011000100011110001010011000100101001101001001000000010000101001101000110110100100111000
00110100011100110010010011001001001001111000110010000000001100001010000000001000100000001000101000001000110001100100001100100100
01110011101000101101100101101010100101011110000000100111100111100111100011100011100010111010101010011010011100011100010001001001
11000010110001111001100001000001110000001110010000110011111001100000011110001001101000010111001100010001101000011000001100101100
11000100110001101000100100110010001100100011011100110100001101000010100110101001001100100100101111100101100100010010001100001010
01001110100111010011110011111100010000100100100101100000110000011010100100000000011001111000000000001101001010100100001011001001
11100000010011000100001100111110010010110011001010101100100010100110100010100001100101100001011000001101001111001010001101000110
10011111100010001001101001001110000010100011010100100010000011000110010100101001100001010001001000001001001101000100100101001010
11110001000111010001001010010010000010010111010000101001010100000100000100110100101100101100101100110100101110010110001001001011
00001101000100010010000011000010101001100010000100001000110000000000000000010010010000110011000010001111001001011000100001010101
00101001001010110000011011100000011001110111110000010000101100001010111010000000110100110001100000110100010100111100111011001000
10110010001010010110010101000101000110100110001000101001101110000001111001001010011100110000101011010000101000111001111000011010
11100110010000000100110110100010000000100011101010100111010001010010010000011100000011001010010001010000010000010011001001110110
10010101001100000000000000100111000010001010011101101010010111000001011001100001101100101101101011001100001011111000011100010110
11001000011100101010001110010001100110010010011000100101000111100110010100000100011001000100100100100100100011101001100011111000
00101100010100100111010000110001110000110011000010101011000100101001110100101100100011000011000100100001000111000001001101001100
10010011001100001000011101000110100100011000100100001001110110000101011101001100110010010111001010100100011110001101001101110000
11110110001001101101010000110001011010101001001111001111001001000001100110010100011001001110000000000000010011001000111100110001
10010100110010010011000101001001110100111001110000010100010010001101111000001100001011101000101101001010100100100001110001000110
01001001100100000010000110010011100001001100001010100101011001000011001001000111000001001011110000100100101111101000001001110010
11011000010001100110000111010001010011110001111000100101100101010010101101100110001100101100011011100000101001100100001100101001
01011101001001001010001000011010011000100011101100000001000101000101001111000111000110000000000000000000100011100100011000101000
10011011110010000100000001001111100111000001000101000010100001011101000001100010100111001001001000010011001010011110000010100110
01001111001100100001100110100001100100100000101111100101001101000100101011111001000101101001100111100100001101100000100110100101
00010000110001111010001000010000110010110011110101110011101001111110100001100000100111100001010110001100100100100101100110000110
10001000110100001010010110010010000001000111000011001110100101010000011101000000000000000100001000000100101001011111000001000011
00000100101100011110000011011100001000100111010001011001000101001101000111001011011011000111101000010011100010001001101100110000
10011110011110010110001110011010011010001111000100101101010000100101111010000000100010111001000111100010000100110010001010000011
00100100100000111100000010001111000001101000001101010000100110001100100001110001001011100010001101010000100100100010100010101100
01111001000100110100010011000010101011000010011010000111100100100010011000100111001000100100000111100001011100000100100110011000
10010100110010011000000000000000000010011010001101001000100101100001100000110101001001010011000101100010100110010010001101000100
10011010110101011011001100110101001001101010000100101100000100111100111100011101001110010000111000100101110100101101001000100001
11010110000100011011100010011001011101010000001000011011111000110100000100101011011010001000000100101100101100010010010110001110
01010110000101011000110000110100100101100101010010101001000001001100101001100001100101110110000000100100110100001011110100000111
01100001100000110010110110000110010010011000100010111000010000000000000000001000110010011000001101000100111000010000001100001101
10001111100010000011001000010100111000111000011011010100001001001011011001001001111000101001011001010001100101001010001010000011
00100011110100010011101100001110000100010010111101000001100110000111100100011110000101001101000110110100010010011110001010011100
10000011100000011001011110000100010001111001000011011111101100000100011001000111001100100111100001110110000001001110101110100011
10001110010110001110000000111010100001110100000100011000010000110000101000110010001000000000010010000100000010000000111010000000
11001000011010101000010100100010011010001010010010001110010000110010000111001000101100001010110001001001000101110001001110100010
00110100101010010101100010101100101100110010010010001101000011001001001001011001000001000011000110100110100101101011110000101010
01010100100001000000100110100100010011110101010001011010000100100000001001111100001010101100100100010000110010100100111111000001
01110000001100100110100001110010011100101000001001111001001001110111001100001101100000100110000000000000011110000001001000011010
00100010100100010000010000011001000010100100010011010011011101000001001101110000100100011100000110010001011011000001001101011011
11000010010001110010010011111010000101101001001010011010000010011100001100110000011100000101001001000101100000110010011100100010
10001010000010001110000001001000101011111011000010000101000101011011100001010100100111000000110011000100000001011001001101100010
11010010111011000100010001011001001001010101101010000100110100110001000011100010010100101010001010001000010011010001010011000000
10011000100001000000000001010001111001000011100100111111111101011011111111111111010011100110011111001100011001111111111111110011
10111011111111110101100000111101000011111110111010000101011101000010100010100001100100011100010010100000011101100000011100110011
00110100111111111101001010101110011011011111101111111001111001111000000011001111111111010111011101110111111000000010100010100001
11011100111100100010110011111110011101010001010000110011111111101010000111001001111110100001001101010001010000101000111111100101
01000111100100001111011111111111110001010000001111011111000000000010010000000011000110110110011000011100100111110011101100011110
11100111111111010100100100000111100000010001111001111111110111010100100111001111111111011001100001100011101110001001001100111011
11110100011100001100100000111101100010010011001100111111111101100011100000010010011000101111001101000111100110000111011101110010
01000111111011111001100110010110011000010000011100110011000111010001111001111100100100101010001111000011001010001001001110111011
11100010001000111111111100111011111101110011001111001100001100111111100111100100110011001111111111011000111100110000011001100001
11001001100110111111111111111101001001100001111111111100110001111011111110110011000011000100111111111100100011110111111110000110
01001001111111011111100011000000000000000000000001101010101100111100101110011100111111100000110011010110011101011101111010000010
00001110101100010010010011010001001111110100011100110111110111001100010100000100110010000011111101000110011001111111001000111101
00000011111111100011111101111011001011011111000100100111100101101000111011101101101110111111111011101100001111001010001111111011
01010001111110110011000001111111111100110001010010000110011110110111001111111111001000011100110011110011001011001101011001101001
01110010111101011011101010101111111000001100111111111101110101010001001111001011110001011111111000001100111111111100101001110111
11100000000000000000000001100110101111010000001100111001111101010001010001111000000010100011110111010101110111010110001111011111
11111110110110001010111111111100111111101111111111010101110111111101101100010001111111110101100110011111100110001011001011000101
00010011000111101000010011001110001000011111110111110111011011111101111010000110001111110011101111011101101000011101111111111000
10001000101010001000011100110011111001100101100111111111111101101010001010000101000111100000001110111111111101000010011010100010
10000110011111111111110010101000111010000001110111011101000011001111111111111010010100010111000000000000000000001000000100000100
11000100000001001110010000000100111001000011001110100111001000011001110100111001000000010011100100000001001110010000001000001001
10001000000010011100100000001001110010000000100111001000000010011100100000010000010011000100000001001110010000001000001001100010
00000010011100000000000000000000000000000010000010110110110100010000100000000100110001000001000110000100100000000010001100010101
10000011000100011011100000010001100100100010101101001000010000010010000000100111000000000001000101010010001000110000100000000000
00000000000101010000000000000000100000111000001011010001000001001000001001101000111000000100000000110011000000011000011001001100
00100101000111000001010011010000110000100111000001010011001001100011100000101001100010011101110000010100110000000000000000011100
00010100110010011110011100010011100001001000000000000001010110000010100100000000000100111010000001001100100110000000000110100010
00010011000000000010011000100000100010100110100111010011110000000010110101000000000100110100000010001001001010001100001010000000
00010000000000000100011000000000000000000000000000100010000000000101111010011110010000001000100100101010111101001100100100000010
11110000000011000100010000000000010001000110011010000001001101001000001000010000000000000100010000100001000000000000000000000000
00000000000010010100010000000000000000000001000010000000010010000010011000001000001011111000100000100010010101111010100001000100
11010001001011100000100101000001010011010010001000000100001000001001010000100101010100100000000000000000000000000000100011000000
10000000000000110010010000100000000000100001010011001001110111000001010111110010000011100000101001101000010100111000010011110001
11000000011001001001110000010000000001110000010100110000001000010000000001000000010010011100000101001110000000000000000000000000
00000000100001000010011000000010111100010001011010001001001101011010001001011110100000010011010000001000011000100010000001000100
00000100010100111100110111011000010010110011010111110000010001100010010100100000000100010100111000010000000010001101001000001001
10001001100000000000000000000000000000000000101001000000010111100000000000110110000101000110000010001110001000000100111000010010
00000000100001010111101001000100110000000000000001010100000010000000001011110100010010010000000000000000000000000000101010000100
01000010010101000100001001100110101000011010001011100110001000100001110001100000100011100111001000011001110011001100001001100110
10001001001110001110000110001000011000011010111101010000111000100001101010000011001001000100110000001011111001100100101101010110
00011011001100100011100001011001011101001111010011000101000001001111100111000110110000001000011000110111000101010011101000111000
11101010110011000010011001000100000000000000100110000011001001011011000010001000000000100110100111000011100001000010011111010000
11010000010011010000110101010011000111100000101001000101100011100001011000011100011000001000111100000110111000010010010110111001
00100100110110001000110000001000010100111111000011000100001010000001001001001001001001100110000100110001011100100000110100001000
00100010110000011011100000010001111000100110100101000100101001001101010111000101011100000000000000000000001101110000010001101001
11010000000010010001100001101000100100010100111000100101110010010100110100100100011010001101110000010010000001100001010110111100
10100111010010001110000100100111000100000000100010110100001110000010011010100110100101000101000111000110000111100000001000010100
11001110000001111000000110010000100110100011110010001011001100001001100100111110100001001001010011001000011100000110100111010010
00010000110011100100001000000000000010001100001100100010001000000000000000000010000101110000100011000110000010011101000100011001
00100100010001110010010001101000010100001111001000101101010000010011010010010000011100000110100000111100100111000110001000001000
10010001001101000010100000100101010000111001101001000111001110011011000001100010010101001100111110101000001001111001001000010100
11010010001000101100011000100000100111010111010001110010010101110001101001111001101100010100100000100101100111000000000000000001
00001001010011100100010001001010100101001000011001100100010100111010111010010110011110001000110100010100011100001011101010000001
11010000001011111101000010111001000100101001110100010001001111111000000100000100000101010110010000101001001101010010110100110011
11000101100011001000111001001001001101000010100110100111100010100000100011100111010001110011110001110000010001110011010011111010
10010010011011000100101100110000010001010001010101010011001001111001111101010000011010100001100001101010010100100100110001000100
10001100000000000000100110000001101000100100010100111111000010010010000000101100010001110011100010000110010010000010101110010110
00110100010110011000010000011101000010010011010001000000101111111100000010001101100011000101001010011110011100100110111100000010
11111001110010010111010001101001000001100110100110100001010101010110010010100111000100011001000100001001101101000100100010111000
00111001101001100111100000011010010011010011000110010000110000111100010000001100000110100001100110000100111000000000000010110100
10000101101011000000000001100101010001011101001000110010110110011111000010101110010100100111011010100101001111000011001110100110
11000010101111000000011010000100010000100110100001010010011010010101100001010110001001010001101001010110001001001000000101001010
00101001110110000011010001110000100000100011100101110110000010001110000100010001100100100010101101100010010110101001000010010010
00101001101010011001010110110000010011111000100100010010100000000000100011000100111010001111100101001001010100111010001100100010
10011101001010000110010001010010110000011011000000100110001100001010111000100011001001000100100011000001101100101101100011001000
00101010010010101101100000100110110001010010101010010101000000110000101011010001001000110100111011000010101100100101101010100110
01000011110010100110000101011010100000100101111000010011000001101110000001110111000001000001001000100000100111011000100010110001
01010010010110010101100000110110010000100001100001010100101100111001000010000000000000001001101001011000101001010011100010001110
10101011001001000010010010011110010100001001100010101111100001001110100000100011010001011010001101000100100001110000011011010100
00100010100110110100010101011010100000010010100011000110001000010001000001101000110110010101001001111001110100101100111100100011
10100000101110110001010110001001001010100001101101110010111010001110000110010010001110101010000010010000100010110001100001000111
01100111010000010101011001110001100010001100110011000001101101010000101010010101100000000000000000000000001000001000110100111110
10000100010000010010000100011100110010000110011010101000110110000010000010010111110000000111000000101011111110000001010110101000
01110100100110010101000011010111001111001101001110001110000001100110100110110010001010110101001001000110100011001000011100010001
10101100001100100001000100100100001010011101001001001111111000000111000010010011011101010001001011001110110000011011101001001100
10001010001100100010110011010001000110100110111100000010011100000000000000000001000100001001011010111100001111001000000100110100
11001001101110001000100100001011001100010100110100110010011111100001001001111010011110000100011010010101001011001000110101000001
00101100010100100100001100110100010100100100111010000101000101100010001110011101001000011000010101011100101110110001000001110000
01010000100100000000100100010000011001001001000011110001000111000100001001111000001000111001111001000100010100000100111100001011
00010111100101110000101011100000101001111001111110010100110100010010011110010010010100000000000000000001000001000111110010010010
00100110110000001001101000110100000100010011000100100100011100100110101101010011010000101010111000011000100100110001100001010110
10101000100100010000010000110011101101010100110011000010101100010011001000100100011100011100110100010010000001001101001100101010
10001010011011100000101101010000111000010010000110011100010011010000110011010000111010000101100110000110100001011000101001110000
00111000011001101000010100100110011000111101001001100010001100111111010100001000100000010010011000101011000001110100000000000000
00000100111000100101000110100010010001111001000011001000100000010011011001001001100010100100000111000000100011100000101100111000
11100001001001101110000001100011001000111000100100101010010110011011010110001000001001100100110100011100100111100001001101010100
11011000001000011100000111010001111101000001010111100100010010011000100010100111110111001011100000011001011001001100101001001111
00000010011110001011010000101100110010000110101001011101100001000011100010100101101100101001000011110001000111100000101000111101
00001001001100010000111000100010101111000000100111000000000010001000010010101001110100000011110000101001100111000101000010001111
01100000010001110000001011011001001000011100000110001101010001010001101010111101011000001110000010110000110100001010110000010101
01110001000100101100001100101010011110001001001001000110110100001010001001000111010011001100100101111000001001100001011011100110
00011100000011000011001000100010100011100111100111100110010001000010010110011111000110000100011100110001000111001101000110010001
10010000100000000000100110000110001000110001000110001100001011010110010001010000011011110000100100011100000011001000100001100001
11000101001100100001011100000011100011010000100101100001010111010010001000000100110010011101001100100001100100010000010101001000
00100110100111010010000100101110001001001010101001111000011001101100000111100101100000110000011010010001001001000001000101110000
00110010111110000100011000001101110000100100111101101001001001000101100000110100100100100100101000100100100010101011110001010001
00001100110000000000000000001000110000000100000110111000001101010000010011010000100101100100011100010010000110011110011111100001
01101011010011001001100101101001111000000100100111000010010001011001000100010011001100001010110110000111010000101001111001100011
00101001100111100100100110110000110011000101001010110110001000100100100100001100111100111100110100011110100010010011111010100001
00011100100100010100001100011110110011010010011001100100010000010001101111010000100111110001010010101101110000001100100010001011
00101010111010000010000011010000101000000011100010001001000100110000000000000000010100011110011111001001010000101010111010101011
01010101101100011011001101010101110101010010110011011001101101100110100011111111010111111000001000011100001011111100000010011011
00001111111111110101000001010000110111111110100001010101111111110010111011110101010110011001111110100010110111011110001001111111
10110110001010001111111110100001110011111111010100000111100001111111111101000011110111011101000010100011111101111000011111111001
11000001110011111011101000011100111111111111000001100010001111101110101101101111111111110001110111111111100111101010001010000101
00011111100001000011010101010000111100111111101100000111100111110100000000000000000000000110101001111110000001001001010001010001
01010111010101011010101011011001010001101100110101010111010101010100010110011011001101101100110100011101011010010101001110110011
00111111111000100100010100010001111011101011111111011110011000010101010001101011101101010101100100011110100011100001100110000011
10100100101000101100100011110111010111111111100110001100111010100001000111111000011111111111001100001011111011101110001111001100
11111111011111011000001010000100011100000111110001001100011001111111010011000011001000001010001001001010101100110000100011110001
01011111000000100100111011111111111111001000111100001111111100110001000001111111101100011101000011001100001010001111010001100011
00000000000000000110011010111000011000110110011010100010000011101010101010001001111101100110110110011010000010100010100010011110
10001111111100011010100000110011010000101101110101010111101010100100011111100110001100010101111111101110010111011111110101101011
11100010001101010000100010110001001111101000000000110100111111111110101100010100110001001111000011001000111111011000111111101011
00010100110000101111111110010110111011111100010001101110100101000110110011001101111111111100110011000101001100011001111111110110
00101000001010000110011100111111010000110000011111111111000111011111111111111000110000111111111001001100010100100000111111000001
01000100111100101101000111111000000000000000000000000000011001100111111111100011011001100100000111010101001001111101100110110110
01101000000010011101111111100011010111111111001000100001110001001111110100001001101100110011111010110001101111111111100110001100
01010110100001010001111010000100110100000111110001001010001010000110101111111101000000101010100111011010111111010001000011110011
11111000011001001100101000100001111011101110100001101110111111000100010000111111100111010000101000111111101010000110101010100001
01110111011101101010001010000111111011111111110100101000111111110001101110111101000100001101010101000011111100111110100000011110
11101101000000000000000000000000100000001001111101101000100000111100000100100111110110100010000011110000010010011111011010001000
00111100000101000001001100010000000100111001000000100000100110001000000010011100100001100111010011100100001100111010011100110001
00010010011100100000010000011010000110010000000100111001000011001110100111001000000010011100100000001001110010000001000001001100
00000000000000000000000000000000010000000100100100011001110100000001000110000100100101001010000001000101001101000110010000110010
10000100100000011000001101001010000011001001001001110000100101001001110101010000000000000001001010000000000100011100100000100110
00000000000000000100110000100101000110101000100000000000101111001001000010011000011010100000001000110010110010010100100101001001
01001000000001110000010100110000100000111000001011010001001001000100111100000000010000101110000010100110110111000000001000011100
10001100011100000101001100000010000100000001001100000000000000000010011000000000100110010001010001000100010001001100010011000000
00000001001110000011100000010000100011000100000001000110010000001001100000010011000110000110110000000100110100011101101000100110
10100101000000000000000000000100110001000110000000001001110000000000100000100010100111000101111110000011000100111100111000000101
11110001100000000100101000100011100001100111000010001101000110011101001000000100010100111000101111100001010001000101111011000100
11010011000110000101001001100000100111000000010001100100001000000000001000011001000000000000000000100110000000000010110101001100
01001100000100011000001000111001010010010100000010001000000100010011001001001111001000000000000001010110000101101001010010010010
11011100001000111000000100100000000000100000000000000001001100000000000001100111100000000000000010000000100100100011000100000100
11000000000100100100001000100111100000111010001010011000010000011100000101001101001000001110000010100110000001010100000001000110
01000001111001010110100001010001110000100001001110100111000000000000000000011100000101001101000111001110000000110000111101100111
10000000000010001100000100110100100110100010011000011000010000100000100000100101010001000110010100100010000001001100001000000100
11000010000000000000000000100111001000001010011011111001011110000001000010001110000110010100100011000000100001000000001000000011
10000010000000001100001111000000000000001000011001110100001000100011101111010011001111000001001000011001000000000010011100010001
00011010101010000011010100010000000000000000000000110101000010111101100100010000010000010001000001000000000000000000000001001000
00000000000001010010001000111101010000100011110001000110000101000010100100100001100110100111011010100001100011000100001010010000
10001001011001000110110011000010000110010011011000001000110100001011011000001000110000110110000110010100010101110110111010001000
00101111010100110001111000100101001111100010001110001001011100001011010010110010001011000010101001111101010000100100100100010001
10100001000010001100000000000010000111110000000011000110001001011101010110000000000000000110011110010010000001110100000111000001
10100110000010110010101111000001101001111001000010111010011100001001100001101000011100010001010111000101001100011100010011100000
11010011101000010110011010110010010011100100010100100100001101010101110010010010001111100001011100100001101001100001100001110100
01001001111001000110001100010000000100100110011000010000100101011010111011000010100110011100010000110001011100010000010011101000
10001001100000110001011001100010010100001100000101110000001000011100001111000000011001111000001001100110001001000010010110001010
00000100010100111011010100101110000010000100100110000110101001010010110111000100011101000100001000110100110000100010110001010010
00011001010000100011000101110011001000010000110100010010100110001001010011000000100001001001101110000100101111100100010010100100
11001000001000111000101001110010000110011100000100111000010000111010100001000100011001110000000000011000011110000000010001001001
10010011110001101000010001110000101100000100100100100001000011000100000100011100101010001111101100001000001101000101101101100001
10000011010100001010010111001000110001010011111010100001000010101011100000110101001010011101000001100010110100100111010000000100
11010000010000111100001001111000000001100000110111000100010110001101100000101010110100010010111110011101110000100011000101001100
01000101001101101100000101101100010110001000101001100100010000001000110010000010010011100000010110000011010000011101000001001110
00000000011001111100000000001000011100100001111000100000010001010001001001101000101000011100001010111000011011100010000100101100
00010001100100100100010100101100011000110001001010001010101010010010001101001110110010100110001011100000100100010111000001011100
01000100011110101100010011011000100101110001010110001100011001000101100001010100111000000100101100011110001001010110100110110000
00101111110110000110010000110000101011100110001000001001011011010110110010000100001111011000001000110010000000100100110000101000
10011100000011000011110000001000100000101011100110111010010010001010001000101011100100100001001001001000000100010010001101001001
01111110100010010001101000010000001001111001001000011001100100100010011110000110010100100011100100100001011100010000111000000111
10000001100010100110010110010001011000001101000011011001000110101011101001100000110101100011110100000010001001001110100010010111
11100110000111000110000100011100111000011001001010001000111001000011100100101101001010100011000000000000011001111000100111100000
00001000110100001110000101010100100000000011010001001000001010010100101100101010011110011001100000110011001000101110000100001001
01110101000110010111110000001110001000011001110010100101111100000011010100010010100111101000001000001110000100110011000010010100
10001111001000100001001000010011010011000100101110100011000100110011000110000100111101110110110100010000101001111010010101011000
10010000001000010110100100110010101000001001110000000110000111100001001000000001110001100101101100110010011100110001100011000010
10010001111100000011010111100010010100110010011001000101100011001100000010011001001001011011000010011011000110110000011000001000
01110000011000010000111110001001000101001001010110100001110100010010000110111111100000010001110011000111001101011010100000011011
01000101010101011010011101000111100101010100001111000101001000010100011111000010101001110100011001000101111000000010110100100001
11110000000011011001101100100100100101100110000000000000001001110100110000100110001000001100110001100101100101001101000100100000
01010010110100100110000010000110001110011100100010001110000001010100101000110001101010000101111100110110110010110010101101010000
11010010101101000010110110011110000000101011100001100111001001111010101100100001101001001001101000111011011010010001101100000100
11010011110011011000010101100001100101010100001100110100110100101010101011010001001001111001101110000100100010000010110110001010
00001001110100111100100100000100001100000000100010100000000100110000000000001001001001110010010010000100101100101001100100100110
11010100000100011100010100011100101101011100011100110100111100110001110000010100111110000011010001110010001000100100010011111000
00010001100100100001001101000111001010100101100001100110010101010001110001110010011110000001000101000000011000101011000011001010
10001100100010101010100101110001100001000001001011010011100010001110001001010000101001011000011000001001000101111111000101010011
01100001101101010100000100011110010010001100001110001111000101110110010011000110001010011000110000010011000000000001010100001000
10000010000100100100100101011000100010100000100111011000101011110001000100011001001100011100010001110100000010011011000101000001
00100011010001000100101100001010001010101001001111010010100011100011110011100011000100100011001001000100000010000110010000000010
10010010010001000001001010010000100011000101101000011100100010001100001100110110000001110000010100111101111110010000110010010000
10111000001001001111100000110110010000110011100100000000100100000100001001000100010000011001100001001000100001010011100100011000
11110000001001101000011001000111000010011001110011001011100010100110110100111001010010001100001011100110100000010011100100001100
10110011001101010000111000000101001011000000010010111100100101110000001100111100101001100010100100010100010001010111100111010100
00001001100010101011000010101001101001101001000110010011011010010011011000100100001011011010010110101000001000100010010111010100
00010001010001110011101100110000110000110001001011001011001100001001110000000000000001000110100111000100011001010010010010110110
11001011001101000001000001100011000110001101001100010001110010010001101000010010001011100000111001100011001100100100110011010100
00100000100100110100010101100110000011010000101011011110001000001101010100100010100000110110010100011100001010100011001000111100
10001010000110011100010000111000100101010011100110000100011010101010000110111100010010100011001000010010011001001111011011100010
10010001110011101101000010001000101000011001111110101000001011010111000001010010000000000000010011000110011000110010101100110000
10101010001000100111111000100110000010011110010010010100001100110000010100111100001001101000100101100100011010011110000100000100
11110000001000010010001111001000101001010001001101000100010001110000110011010001010011010001110001100010001101100001011100010110
00101001001100000100101101001110001010001100101011011100001001000101101100100100001010011011100001011001100100011100111100111100
00000100001100100100011100101000000000000000011001001000100111100000100100010001010000000010000110001010001110011110011110001001
00100100000010000101001011101000100000110010010001000100010110000100000110111000011100101010010011110000010000010001010011101101
00100110001111001000101000101001111010111001101110001001111100001010011101000101001010100010100110001010111110100001100000100011
10010010000100010111001000101000111001010100111100111011000011001101101010010000110011010001011001000010001001000110110100011010
00100100010110000011010011100100010010010100000000100100000011000110000000100011100000010010001101000010101111110001001010000101
00001100010010000111101000001101010000110000110001000011011101001100101110100101110000101010000100100010010000110010011001100011
01001100111010010010011101001001001111100010001100010001000001100001010100100010010010011010000010011111000001101111010001100101
01001000100011101001100111100110001100100100101010001001111100100100100010100000100011100000110101000000000100010010010000011001
10010010000111010100011101011000000100100010100111110000100000000000000001101000111111110111001100010011101000100110101110101000
10010111101110111111011111010100011111111100101110101000100110101000111111101001100110011111100110001000001010000010011101101111
11110100001100110000100111011011101111010000100000100110011010111111010001000011100111111101000010100010011110000111101110111111
11110010011010100011111111100111100001111111111001001101101110111111100110010000111100111111110001110101010111011000111100011011
01100110111000111011001101000111100110011111111110010000111000100111111111100101010110011111111101010011011001100111111111001101
01010101100111111111010100110110011001111111101100110100011110000011111111111000111001111111111100110000000000000010010000000011
01000111111110000010010001010001001101000001010001100110000110000101111110111001000111100100111111011101010010010000010100010011
01100110011111111101010010001110011001100011010100010010001001111100001100101000111111101111001100001100110000011000011001100000
11111111111011100110000001100001100110001001111111011100110001100111111111001000111100111111001100001011111001100001100100111111
10011001001001111000011111001100011000001101100100010111111000011011000001100010011111110100010101011000110111111011000101100110
00101110100011110000111111101010100010111010101011110000001110101001101100111100000011100110101010101111000000111010100110110011
11000000110110011011000011000111010101010010011001100111111000000100011000000000000000000110100011111110010000101010010110111000
10101001011001110011100011010101011111110010010111001011011000001001110100100111100110001000011111110000010000001000101010001111
11101110010111001100111010011000101100010101111111110110010111001100111111111000100010110001001111111011101100010100110001001111
11111101011010111111100110000110001010011000010111111010000101101110101011111100010000110110110010010011001011101100111111111111
01001101110100110000101111111010001000001100011011111101100010011111011100011111111100011001001111111100010110001010010000010111
01000001111000000101110100111111100000011100110101000001111000000101110100111110101100111111111001000101000001111110000011001010
11111110110000000000000001001100000000110100011111111110100111001100100110001010100111001111110100001100110101111111111001100110
01100101110111000100001101111111111100110001111110111111111000001100001111001101111111101000011001100111010000110011111110100001
10011001111111100010110101111110100010000111100111111111111101010100011001100001000011110111011111101110110011011010111011110001
00001100001100101100100110110101111111111111101000011110111011111000111010000011101100011110001101100111110001011111111111000101
00011111011101000011100010001111111110010000011001111111111111100100111110011111111100110101000001100111111111111110010011111010
11001111111110001010111111101110011101110111111111101000000000000000000010000000100111001000000100000100110001000000010011100100
00000100111001000000010011100100001100111100000100110001000011001111000001001100010000110011101001110010000000100111001000000010
01110010000110011110000010011001000001111000001001001111101101000100000111100000100100111010000011110000010010011111011010001000
00111100000100100111110110100010000011110000101001110100111000000000000001001100000011010011001001110010011000010010100100101000
00110011001000000000010010100000001010111100010101000000000011110000000000010000100000000000000000000000001001010000010010000000
00000000000000000000000000000001000000010010000000000001000011001100001110000010100110100011100101000010011010010111001100000001
00110000010000110001100000000001000100100011000010001000011100000101001100000000000000000000000111000001010011000000000000000000
00100110000010011000100001000010010001001100000010001110101000000000100000100011010011110010000000100100000000000010011101011010
00000000010011000000001000000001000101001110000000000010011000000010000000011110000000000000100111000000000000010010000000000101
11100000010000110011000000101100000000000001001001001010000100100000010001110110000000100000000001001110000001001110000000000001
00011000000000000000100001100100000000000110001110010011000000010010100000100110010000100000010011000000100111000100101100001000
00000100100000000010001100000010001100000000000000100100000000000000000001011010001001101000010000100110000000000000000001001010
00000010010000001000101001000100011100101000000000011000010100001000001110001010110100001011010100000000000000000001110100010100
11000000000000000000000010000000000000000000000001000011001000000100001000000000110000111100000001100111100000100011010001000010
10100010000000010011000000000001000000001000001000111101000100000000000000000100000000000010000000000101010001010010000101101100
10100100110001011010000000000000001001000100111000000000000110000111100000000100000010000000000000000000001001000000000001101100
00101001110000000100101000000000000000000000000000000010111100000000000000000001110100000000010000110010000000000000000000000000
00000000010010100000010001011001100000100001111010000010010110000100001101000100100001101110000000001000010000001000110100110010
01000100011000001111000000000000100100001101010000100001000100100000000000000110000110010011110011001001010101110111000010010001
11000001001001001100000000000000010010100000010111000010010000001000110000011001110101000001110000100100011100001001000111000101
01110000100100100001001001100010001010001100100111000101101100110010101001011101001111001100011100010001001010100010100011010001
00000100000000011000101000010111010010100010001000100010000110011000000110100101011110001001110000100010010010000010011010001110
01101011100010011100110000101011000011110110011110000000000000000010001010010000001000111101110000100111000100010100100000010100
10100000001000110000010101000001100010001111000100010011001000110010001100100100100100001001100000100100010101100010000010010100
10010110010000001001110100000000000110000101010000001001111111001000011001000101110000101100111100100010000100010010111000011110
00000001101010000001010110100000000010011010000000001000011000000111010000010000111000101010100000011101100000001010110110101000
00000011101000000110010001000001000101010111101000100110000101011100010000001100111000010011100010001000100111010010100000101101
10001100000000000000010011100010110001001001010111000100100101000000000001100111100000100111000000000000100001001000101001010100
00000001000011001000011100000100110100100111000001101110001000101101100010000000000001010111101000010110010100110010100010001110
01100100110010000001110001000010011001001110100001010000100110111000110000111010010011001000000000010000100010010110001001000111
00100000010010011010000101001110000000110000111100001000100000000000010001010011011100010000000111100010010010000111001010101100
01010010101111101000000100000001001100000100111010001000010011100001100010001000000110001100000001000101001000110010010000010100
10100111000001001100000000000000001011111100000110100111000110100010010010011000110001000110000000000000010010100100001100111000
00110100001000001000001010110001000011100010100100101100011000110101000001001011001000100100101001101001010100100100010000001000
10000001111000000100011010010100110110000010001100000001001110100100000100000001000011000001000010100110000000010101000010010010
00010100001110110000110010101000000010000111010001000000000110000111100000000000000100011100110000001010100000100011100000000011
00011001110010000110011000010000111010010010010000000001001110000001000011001001001100100111001001000011010110000100010011000101
00010010111110100000110011000010100110010110010100100100011001100001110100000100100000000010010100000101011110001100001101100000
01000010110000101010010010000010011000000000000000001010010001000110100101001000010000100010001001010010000100100000001000111001
10010001010000111100000011000011001101100101010000011010011001111000010100101000110100101010011000100110001001001110100000100000
11000010101010010100110110000101110100101000001001101000010011000101000100110001000110100100100111000110010000100100110010000100
11000100010100010010111111010000101001101001100010000010001100010001000001001100000000001001101010110100100000100101010011110000
00100101001001101100011000000011110010000100100100001100100010001111010100001000110000100001011000110000010001100100011100001101
00111000010101101001010101001001001101001011000011110010100100100001100010110111000100010010011001100000100111110100001011011000
00100101001001101000011110000110110000110010001101001100111000100110001001001010101111100110100001110011000000110001100010011000
01001111100100100010110010011000000110011000000000000000010101010001110001000100000010000111000101001000100100100100110010001000
00100010010010100100010011000100011001011000101001111001000100001101101100010100000100100100110100101010111111010100100100011100
10010000010011101000001000111000001000000000100101110100001000110001010001000100101100100111011001001001001111101000010101111010
00001000110001011000100000001001110001000001000110000001110100000100100010000000000000000000000000000010011100010000100000100000
00100100011010001101000000000110100010010101111101000001100110000110001001000001110100000110001001010001100100100011001100001001
10101010101001100101110100001011010100001000101100100100110011000011010100001001111001000101010100011101100001100110000100001010
00010010001110000001001011001101001000101011100111010000100100010000100100101011100011110000101010001111001110001001000110010011
01101100001100001100111000000000000000000000000100000100010110100010000010000010000110111111011000000001000001001011001000100100
00010000101011011110000100001000011000010100010011000100011001110110100001111001000010100010100001101001000100011101001100110100
10100010000010011001000100010000010000100011000001100100001011001001000000010010110001010010001000010100000001000011001001000000
01000110100111000100101010010100000000000000100010000100000000001000001100011000100010100110010000101100100100101011001001010110
00110001001110000110100001011010100001000110001000111001000100100001100010001100110100010111000000101001111100100001100001100100
00110100010011000101101000111100010100001011100000101010010011010011000010011010010010101010011100010001010000010011011001100000
01000001001010010010101101000010110111000011000101000001000110100111000000000000000000010001000100100000010000001011000000010001
00101011001001001000101001110001000111001111011010010010000000110010101010001110001101000100100001100000010010010000010101010010
11101000010010011100000010110001000110010000001000111000001001011001000100110100000010001110010000010000010100110101101010110100
00010000001001110011001001000111010000000000000000000001011000000100001000001000010010010001000111000001001001100110000100100100
01010001010000001111000000100111011010001101100000110001101010000010001010000010000001001000100010100000011010100001100110000001
10100101011100001001001111001100110010010011001100001011000100100010001110001100100100001000101000000001001000110101000101001000
10001100000101101010000001001000110010010010101010011100011000101000101100000000110101001000000000000000010100010100000001010001
01000011000110011010001001101100111111001110011111111110100001010001111110011010100000101000111111111010000110100010100010101011
10010101111111110010110011010110011110011010101010110011111111111111001011001100111111110110011010001110100010100010010011010101
01111010101010101011100110011110011001101100110101010111101010101010101110011001111001100110110011010101011101100110100011101000
10100000000111110111010000111101110111101100110101010111010101011010101011011001101100110010101011101010101101010101101100001000
11110111011111111111100110010101111101110000111100111111110111010111100111111110111010000000000000000000010100010100000001010001
01000100100010100010011011001111110100100110001001111110011001000111101010011111100000010010011000011110100010111111011110100010
01011101111111101000101010111001010110111010110011010110011110011010101010111100000010111010110011110000001101100110110000110011
11110111111111101010010011101010101101010101101010110110011011011001101011001110101010110101010110101011011001101101100110101100
11101010101110011001100011111101111111111011010000011111000001001011100001011110110011010101011101010101101010101101100110110011
01010001010101110101010110101010110110010100010100010001111001000101111110100100100110010101111101110001000111011101110001000010
10001100010001100011000000000000000000000110000111111111100000000110000111111111100000110001100101011011000000011000100111111010
10001001001111100010010000001000101111110111101000110011010011011111111110011010100000111001010111101010011001111111000000101110
10000011100101011011101001111111000000111111110010001011111101111111101110011101010101101010101100000110110011011011001101001111
11010101011010101011000001101100110110110011010011111010101011111111100011001111111010000000011111000001100110100110000101110100
01000001010001101010101100111101000110110011010000010100010100010011110100011111111000110010111111101110000110011111111111100010
11001111111111100100110001010010000011111110010000000000000000000110100011111111100000000110010011111111100000110001100100101110
00111001111110100001110111111111110001001010100010100011111111101000011010001110011010100000111001010111101010011001111100111111
11111111001000001110010101111111110010011111001111111111111100010100010100001101010101111010101010000011100110011110011001100111
11010101011110101010100000111001100111100110011001111110101010111111110001010001110101010000001111101110100001111011101101000000
11010101011001110110110011010000000100111011111111000110111111111101110000111001111111111111010110101111110100010000110101011111
11100000000000000000000010000000100111001000000010011100100000000001000000010011100100001100111100000100110010000011110000010010
01111101101000100000111100000100100111110110100010000011110000101001110100111110110100010000011110000010010011111011010001000001
11100000100100111110110100010000011110000010010011100001000001001100100000111100000100100111110110100010000011110000010010011111
01101000100000111100000100100111001000000010011100000000000000000000000000000100001000000000000000010000011010011001110100000000
00000000000010000100000010100110100100000100100000001001000000000000000000000000000000000000000000000000000000000000000000000000
00000010000101001000100001000000000000000000000000000000001011100000010001000000000000000001001010000000000000000000000000100110
00000000001000000000000000000000000001001010000001000100000000000001000111000110000000000010010100001000000000100010000000000000
00000000000000000000100111000000000001000101001110000000000000000000000000000000000001001110000100000000000100110100110000001001
01000000000000000010011100000000001001100000000000000000000000000010011000000000000000000000000000000000000000000000000000000000
00000000000000010010000000000000000000000000000000000000000000000110011110000000000000000000000000000000000000000000000000000000
00000010011100000000000000000000000000000000000000000000000001100001111001100111100000000000000000000000000000000000000100101000
00000000000001000000000000000000000000000000000000000010010100000000000000000001100001111000000000000000000000000000000000000000
00000010010000000000000000001000010000100010000000000000010010100000000000000001001000000000000000000000000000000000010100100000
00000000000100010000000000001001010000000000000000001000110100110101101000000000000000010000100011001001000111001010100000000000
01001000000000000000000000000000011001111001001000000111010000000000000000000100000000000000100001000000000010001000000001000010
10010001001010000000000001001100100001000010000110011000000000000000000101110000000000000000100001110000111100000110011110000010
01100100100000000000000000000000000001001000000001001100000000001000100100101010010000000000000000100000000000100011011010001000
00000000000100101000000000000000000110000111100000000100010010011000000000000000000000000000000000010001101000000000000001000100
10011100000000000100001111000100000000100111100001100100100110010001110011100000000000000000000000000000000000000110011111000000
00000000000000010010100000000100001000001000010000010000110011100001000010000000000000000000010001100100001000000000000000000000
00000000000000001100001111000000000100101000000000000000000000000000000000000000000000000111100000000000000000100010000000000000
00100000000000000000000000000000000000000110011110001001000000000000000000000000000000000001000000000010111000000100000010001010
01000000000000000000010011000000101001001100000110100111000000000000000000000000000000110000111100000000000000000000001001000000
01010110010000000000000000000000000000000000000010011100001101010000001000000000000000000000000000000000000000000000000000100111
00000000000000001000010010010100000000100001100000100110000000000000000000000000000000100000000000000000001000010000000000000010
00100000001001110000000001001100000000000000000000000000000000000010001000100010000000000000000001000000010111000000000000101110
00000000000000000000000100000000001000010001100110000010001000000000000000000000000000000001000000000000000000010000000100000000
00000100001000010001010000110011101000010000000000000000000000000000000000000000000000000010000000000000010000100000000000000101
01100000100100000000001000000000000000000010000000000100111000000000001000100000000000000010000000000000000000000000000000000000
00000100011010011000000100001001001010000010010100000000100001000000000100101010010100000010000000100011011100010000000000000000
00000010000010001110001101001110000000001010010000000000000000010001001100110000000000000000000100011100110000000001001110000000
00000000000000000010011100000001001011001100010001100100110000000000000000000100100010001100000000010010001001110000000000000001
10011000001001110000000000000110110100001001110000000010000100000000000000000000000010001101010010000000010010000000100100000000
00000000001000101001011000110100111000000000001001000000000000000001000100100110000000000010010000001001011000110000010011101001
00000001001000000000010000000000000000000000000011011010000100111001011100000000000000000001001100100011000000000100011011010100
00000000000000000000100001000000000000000000000000000000000000000000000000000000000000000000000000000000000000000000000000000000
00000000000000000010010000000000000000000000000000000000000000000000000000000000000000000000000000000000000000000000000000000000
00000000000000000010000100000000000000000000000100001000000000000000000000001000010000000000000000000000010000100000000000000000
00000010000100000000000000000000000110011001000000000000000000000000110011001000000000000000000000000110011001000000000000000000
00000011001100100000000000000000000000011001100100000000000000000000000000000000000000000000000000000000000000000000000000000000
00000000000000000000000000000000000000000000000000000000000000000000000000000000001001011000010000000000100101100001000000000000
00000000001001011000010000000000100101100001000000000000000000000000000000000000000000000000000000000000000000000010000001001100
00000000000000000000100000010011000000000000100110000000000000000000000000000000000000000000000000000000000000000000000010011100
00000000010011110000100000000000000000000001001111000010000000000100111000000000000000000000000000000000000000000000000000000000
00000001000010000000000010000100010010100000000000000000001000010001001010000000000000000000000000000000000000000000000000000000
00000000000001100011001111000000111100110000000000010000011100110011111100001111110000000000000110001100111100110011111100001111
11000000000000000000000000011000110011110011001111110000111111000000000000010000011100110011111100001111110000000000000000000000
00000000000000000000000000000000100001000011000110011110000001111001100000000000011100110011110100001111011000000000000110001100
11110011001111110000111111000000000000000000000000011000110011110011001111110000111111000000000000010000011100110011111100001111
11000000000000000000000000000000000000000000010011100000000000000000100111000000000000000110001000110000010010000100000111001100
11111100001111110000000100000111001100111111000011111100000000000000000000110001100111100000011110011000000000000000000000000000
00000000000000000000000000000000000000000000000000000010000011100110011111100001111110000000100000111001100111111000011111100000
00100000111001100111111000011111100000000000000000000110001100111100000011110011000000000000000000000000000000000000000000000000
00000000000000000000000000000000000000000000000000000000000000000000000000000000000000000000000000000000000000000000000000000000
00000000000000000000000000000000000000000000000000000000000000000000000000000000000000000000000000000000000000000000000000000000
00000010001100100011010011110001101001111000110100111100011010011110001100000000000000000000000000000000000000000000000000000000
00000000000000000000000000000000000000000000000000000000000000000000000000000000000000000010010100000000000000011100010100000000
00001011111001011111111111111111111111111111111111111111111111111111111111111111110000101000000000000000000000000000000000000000
00000000000000000010101010100111001000100000000000000000000000000100000000000000000000000000000001011110000000000000000000000000
11111111111111111111111111111111111111111111111111111111111111111111111111111111111111111111111111111111111111111111111111111111
*
NOTE END CONFIG DATA*
L72448
00000000000000000000000000000000000000000000000000000000000000000000000000000000000000000000000000000000000000000000000000000000
00000000000000000000000000000000000000000000000000000000000000000000000000000000000000000000000000000000000000000000000000000000
00000000000000000000000000000000000000000000000000000000000000000000000000000000000000000000000000000000000000000000000000000000
00000000000000000000000000000000000000000000000000000000000000000000000000000000000000000000000000000000000000000000000000000000
00000000000000000000000000000000000000000000000000000000000000000000000000000000000000000000000000000000000000000000000000000000
00000000000000000000000000000000000000000000000000000000000000000000000000000000000000000000000000000000000000000000000000000000
00000000000000000000000000000000000000000000000000000000000000000000000000000000000000000000000000000000000000000000000000000000
00000000000000000000000000000000000000000000000000000000000000000000000000000000000000000000000000000000000000000000000000000000
00000000000000000000000000000000000000000000000000000000000000000000000000000000000000000000000000000000000000000000000000000000
00000000000000000000000000000000000000000000000000000000000000000000000000000000000000000000000000000000000000000000000000000000
00000000000000000000000000000000000000000000000000000000000000000000000000000000000000000000000000000000000000000000000000000000
00000000000000000000000000000000000000000000000000000000000000000000000000000000000000000000000000000000000000000000000000000000
00000000000000000000000000000000000000000000000000000000000000000000000000000000000000000000000000000000000000000000000000000000
00000000000000000000000000000000000000000000000000000000000000000000000000000000000000000000000000000000000000000000000000000000
00000000000000000000000000000000000000000000000000000000000000000000000000000000000000000000000000000000000000000000000000000000
00000000000000000000000000000000000000000000000000000000000000000000000000000000000000000000000000000000000000000000000000000000
00000000000000000000000000000000000000000000000000000000000000000000000000000000000000000000000000000000000000000000000000000000
00000000000000000000000000000000000000000000000000000000000000000000000000000000000000000000000000000000000000000000000000000000
00000000000000000000000000000000000000000000000000000000000000000000000000000000000000000000000000000000000000000000000000000000
00000000000000000000000000000000000000000000000000000000000000000000000000000000000000000000000000000000000000000000000000000000
00000000000000000000000000000000000000000000000000000000000000000000000000000000000000000000000000000000000000000000000000000000
00000000000000000000000000000000000000000000000000000000000000000000000000000000000000000000000000000000000000000000000000000000
00000000000000000000000000000000000000000000000000000000000000000000000000000000000000000000000000000000000000000000000000000000
00000000000000000000000000000000000000000000000000000000000000000000000000000000000000000000000000000000000000000000000000000000
00000000000000000000000000000000000000000000000000000000000000000000000000000000000000000000000000000000000000000000000000000000
00000000000000000000000000000000000000000000000000000000000000000000000000000000000000000000000000000000000000000000000000000000
00000000000000000000000000000000000000000000000000000000000000000000000000000000000000000000000000000000000000000000000000000000
00000000000000000000000000000000000000000000000000000000000000000000000000000000000000000000000000000000000000000000000000000000
00000000000000000000000000000000000000000000000000000000000000000000000000000000000000000000000000000000000000000000000000000000
00000000000000000000000000000000000000000000000000000000000000000000000000000000000000000000000000000000000000000000000000000000
00000000000000000000000000000000000000000000000000000000000000000000000000000000000000000000000000000000000000000000000000000000
00000000000000000000000000000000000000000000000000000000000000000000000000000000000000000000000000000000000000000000000000000000
00000000000000000000000000000000000000000000000000000000000000000000000000000000000000000000000000000000000000000000000000000000
00000000000000000000000000000000000000000000000000000000000000000000000000000000000000000000000000000000000000000000000000000000
00000000000000000000000000000000000000000000000000000000000000000000000000000000000000000000000000000000000000000000000000000000
00000000000000000000000000000000000000000000000000000000000000000000000000000000000000000000000000000000000000000000000000000000
00000000000000000000000000000000000000000000000000000000000000000000000000000000000000000000000000000000000000000000000000000000
00000000000000000000000000000000000000000000000000000000000000000000000000000000000000000000000000000000000000000000000000000000
00000000000000000000000000000000000000000000000000000000000000000000000000000000000000000000000000000000000000000000000000000000
00000000000000000000000000000000000000000000000000000000000000000000000000000000000000000000000000000000000000000000000000000000
00000000000000000000000000000000000000000000000000000000000000000000000000000000000000000000000000000000000000000000000000000000
00000000000000000000000000000000000000000000000000000000000000000000000000000000000000000000000000000000000000000000000000000000
00000000000000000000000000000000000000000000000000000000000000000000000000000000000000000000000000000000000000000000000000000000
00000000000000000000000000000000000000000000000000000000000000000000000000000000000000000000000000000000000000000000000000000000
00000000000000000000000000000000000000000000000000000000000000000000000000000000000000000000000000000000000000000000000000000000
00000000000000000000000000000000000000000000000000000000000000000000000000000000000000000000000000000000000000000000000000000000
00000000000000000000000000000000000000000000000000000000000000000000000000000000000000000000000000000000000000000000000000000000
00000000000000000000000000000000000000000000000000000000000000000000000000000000000000000000000000000000000000000000000000000000
00000000000000000000000000000000000000000000000000000000000000000000000000000000000000000000000000000000000000000000000000000000
00000000000000000000000000000000000000000000000000000000000000000000000000000000000000000000000000000000000000000000000000000000
00000000000000000000000000000000000000000000000000000000000000000000000000000000000000000000000000000000000000000000000000000000
00000000000000000000000000000000000000000000000000000000000000000000000000000000000000000000000000000000000000000000000000000000
00000000000000000000000000000000000000000000000000000000000000000000000000000000000000000000000000000000000000000000000000000000
00000000000000000000000000000000000000000000000000000000000000000000000000000000000000000000000000000000000000000000000000000000
00000000000000000000000000000000000000000000000000000000000000000000000000000000000000000000000000000000000000000000000000000000
00000000000000000000000000000000000000000000000000000000000000000000000000000000000000000000000000000000000000000000000000000000
00000000000000000000000000000000000000000000000000000000000000000000000000000000000000000000000000000000000000000000000000000000
00000000000000000000000000000000000000000000000000000000000000000000000000000000000000000000000000000000000000000000000000000000
00000000000000000000000000000000000000000000000000000000000000000000000000000000000000000000000000000000000000000000000000000000
00000000000000000000000000000000000000000000000000000000000000000000000000000000000000000000000000000000000000000000000000000000
00000000000000000000000000000000000000000000000000000000000000000000000000000000000000000000000000000000000000000000000000000000
00000000000000000000000000000000000000000000000000000000000000000000000000000000000000000000000000000000000000000000000000000000
00000000000000000000000000000000000000000000000000000000000000000000000000000000000000000000000000000000000000000000000000000000
00000000000000000000000000000000000000000000000000000000000000000000000000000000000000000000000000000000000000000000000000000000
00000000000000000000000000000000000000000000000000000000000000000000000000000000000000000000000000000000000000000000000000000000
00000000000000000000000000000000000000000000000000000000000000000000000000000000000000000000000000000000000000000000000000000000
00000000000000000000000000000000000000000000000000000000000000000000000000000000000000000000000000000000000000000000000000000000
00000000000000000000000000000000000000000000000000000000000000000000000000000000000000000000000000000000000000000000000000000000
00000000000000000000000000000000000000000000000000000000000000000000000000000000000000000000000000000000000000000000000000000000
00000000000000000000000000000000000000000000000000000000000000000000000000000000000000000000000000000000000000000000000000000000
00000000000000000000000000000000000000000000000000000000000000000000000000000000000000000000000000000000000000000000000000000000
00000000000000000000000000000000000000000000000000000000000000000000000000000000000000000000000000000000000000000000000000000000
00000000000000000000000000000000000000000000000000000000000000000000000000000000000000000000000000000000000000000000000000000000
00000000000000000000000000000000000000000000000000000000000000000000000000000000000000000000000000000000000000000000000000000000
00000000000000000000000000000000000000000000000000000000000000000000000000000000000000000000000000000000000000000000000000000000
00000000000000000000000000000000000000000000000000000000000000000000000000000000000000000000000000000000000000000000000000000000
00000000000000000000000000000000000000000000000000000000000000000000000000000000000000000000000000000000000000000000000000000000
00000000000000000000000000000000000000000000000000000000000000000000000000000000000000000000000000000000000000000000000000000000
00000000000000000000000000000000000000000000000000000000000000000000000000000000000000000000000000000000000000000000000000000000
00000000000000000000000000000000000000000000000000000000000000000000000000000000000000000000000000000000000000000000000000000000
00000000000000000000000000000000000000000000000000000000000000000000000000000000000000000000000000000000000000000000000000000000
00000000000000000000000000000000000000000000000000000000000000000000000000000000000000000000000000000000000000000000000000000000
00000000000000000000000000000000000000000000000000000000000000000000000000000000000000000000000000000000000000000000000000000000
00000000000000000000000000000000000000000000000000000000000000000000000000000000000000000000000000000000000000000000000000000000
00000000000000000000000000000000000000000000000000000000000000000000000000000000000000000000000000000000000000000000000000000000
00000000000000000000000000000000000000000000000000000000000000000000000000000000000000000000000000000000000000000000000000000000
00000000000000000000000000000000000000000000000000000000000000000000000000000000000000000000000000000000000000000000000000000000
00000000000000000000000000000000000000000000000000000000000000000000000000000000000000000000000000000000000000000000000000000000
00000000000000000000000000000000000000000000000000000000000000000000000000000000000000000000000000000000000000000000000000000000
00000000000000000000000000000000000000000000000000000000000000000000000000000000000000000000000000000000000000000000000000000000
00000000000000000000000000000000000000000000000000000000000000000000000000000000000000000000000000000000000000000000000000000000
00000000000000000000000000000000000000000000000000000000000000000000000000000000000000000000000000000000000000000000000000000000
00000000000000000000000000000000000000000000000000000000000000000000000000000000000000000000000000000000000000000000000000000000
00000000000000000000000000000000000000000000000000000000000000000000000000000000000000000000000000000000000000000000000000000000
00000000000000000000000000000000000000000000000000000000000000000000000000000000000000000000000000000000000000000000000000000000
00000000000000000000000000000000000000000000000000000000000000000000000000000000000000000000000000000000000000000000000000000000
00000000000000000000000000000000000000000000000000000000000000000000000000000000000000000000000000000000000000000000000000000000
00000000000000000000000000000000000000000000000000000000000000000000000000000000000000000000000000000000000000000000000000000000
00000000000000000000000000000000000000000000000000000000000000000000000000000000000000000000000000000000000000000000000000000000
00000000000000000000000000000000000000000000000000000000000000000000000000000000000000000000000000000000000000000000000000000000
00000000000000000000000000000000000000000000000000000000000000000000000000000000000000000000000000000000000000000000000000000000
00000000000000000000000000000000000000000000000000000000000000000000000000000000000000000000000000000000000000000000000000000000
00000000000000000000000000000000000000000000000000000000000000000000000000000000000000000000000000000000000000000000000000000000
00000000000000000000000000000000000000000000000000000000000000000000000000000000000000000000000000000000000000000000000000000000
00000000000000000000000000000000000000000000000000000000000000000000000000000000000000000000000000000000000000000000000000000000
00000000000000000000000000000000000000000000000000000000000000000000000000000000000000000000000000000000000000000000000000000000
00000000000000000000000000000000000000000000000000000000000000000000000000000000000000000000000000000000000000000000000000000000
00000000000000000000000000000000000000000000000000000000000000000000000000000000000000000000000000000000000000000000000000000000
00000000000000000000000000000000000000000000000000000000000000000000000000000000000000000000000000000000000000000000000000000000
00000000000000000000000000000000000000000000000000000000000000000000000000000000000000000000000000000000000000000000000000000000
00000000000000000000000000000000000000000000000000000000000000000000000000000000000000000000000000000000000000000000000000000000
00000000000000000000000000000000000000000000000000000000000000000000000000000000000000000000000000000000000000000000000000000000
00000000000000000000000000000000000000000000000000000000000000000000000000000000000000000000000000000000000000000000000000000000
00000000000000000000000000000000000000000000000000000000000000000000000000000000000000000000000000000000000000000000000000000000
00000000000000000000000000000000000000000000000000000000000000000000000000000000000000000000000000000000000000000000000000000000
00000000000000000000000000000000000000000000000000000000000000000000000000000000000000000000000000000000000000000000000000000000
00000000000000000000000000000000000000000000000000000000000000000000000000000000000000000000000000000000000000000000000000000000
00000000000000000000000000000000000000000000000000000000000000000000000000000000000000000000000000000000000000000000000000000000
00000000000000000000000000000000000000000000000000000000000000000000000000000000000000000000000000000000000000000000000000000000
00000000000000000000000000000000000000000000000000000000000000000000000000000000000000000000000000000000000000000000000000000000
00000000000000000000000000000000000000000000000000000000000000000000000000000000000000000000000000000000000000000000000000000000
00000000000000000000000000000000000000000000000000000000000000000000000000000000000000000000000000000000000000000000000000000000
00000000000000000000000000000000000000000000000000000000000000000000000000000000000000000000000000000000000000000000000000000000
00000000000000000000000000000000000000000000000000000000000000000000000000000000000000000000000000000000000000000000000000000000
00000000000000000000000000000000000000000000000000000000000000000000000000000000000000000000000000000000000000000000000000000000
00000000000000000000000000000000000000000000000000000000000000000000000000000000000000000000000000000000000000000000000000000000
00000000000000000000000000000000000000000000000000000000000000000000000000000000000000000000000000000000000000000000000000000000
00000000000000000000000000000000000000000000000000000000000000000000000000000000000000000000000000000000000000000000000000000000
00000000000000000000000000000000000000000000000000000000000000000000000000000000000000000000000000000000000000000000000000000000
00000000000000000000000000000000000000000000000000000000000000000000000000000000000000000000000000000000000000000000000000000000
00000000000000000000000000000000000000000000000000000000000000000000000000000000000000000000000000000000000000000000000000000000
00000000000000000000000000000000000000000000000000000000000000000000000000000000000000000000000000000000000000000000000000000000
00000000000000000000000000000000000000000000000000000000000000000000000000000000000000000000000000000000000000000000000000000000
00000000000000000000000000000000000000000000000000000000000000000000000000000000000000000000000000000000000000000000000000000000
00000000000000000000000000000000000000000000000000000000000000000000000000000000000000000000000000000000000000000000000000000000
00000000000000000000000000000000000000000000000000000000000000000000000000000000000000000000000000000000000000000000000000000000
00000000000000000000000000000000000000000000000000000000000000000000000000000000000000000000000000000000000000000000000000000000
00000000000000000000000000000000000000000000000000000000000000000000000000000000000000000000000000000000000000000000000000000000
00000000000000000000000000000000000000000000000000000000000000000000000000000000000000000000000000000000000000000000000000000000
00000000000000000000000000000000000000000000000000000000000000000000000000000000000000000000000000000000000000000000000000000000
00000000000000000000000000000000000000000000000000000000000000000000000000000000000000000000000000000000000000000000000000000000
00000000000000000000000000000000000000000000000000000000000000000000000000000000000000000000000000000000000000000000000000000000
00000000000000000000000000000000000000000000000000000000000000000000000000000000000000000000000000000000000000000000000000000000
00000000000000000000000000000000000000000000000000000000000000000000000000000000000000000000000000000000000000000000000000000000
00000000000000000000000000000000000000000000000000000000000000000000000000000000000000000000000000000000000000000000000000000000
00000000000000000000000000000000000000000000000000000000000000000000000000000000000000000000000000000000000000000000000000000000
00000000000000000000000000000000000000000000000000000000000000000000000000000000000000000000000000000000000000000000000000000000
00000000000000000000000000000000000000000000000000000000000000000000000000000000000000000000000000000000000000000000000000000000
00000000000000000000000000000000000000000000000000000000000000000000000000000000000000000000000000000000000000000000000000000000
00000000000000000000000000000000000000000000000000000000000000000000000000000000000000000000000000000000000000000000000000000000
00000000000000000000000000000000000000000000000000000000000000000000000000000000000000000000000000000000000000000000000000000000
00000000000000000000000000000000000000000000000000000000000000000000000000000000000000000000000000000000000000000000000000000000
00000000000000000000000000000000000000000000000000000000000000000000000000000000000000000000000000000000000000000000000000000000
00000000000000000000000000000000000000000000000000000000000000000000000000000000000000000000000000000000000000000000000000000000
00000000000000000000000000000000000000000000000000000000000000000000000000000000000000000000000000000000000000000000000000000000
00000000000000000000000000000000000000000000000000000000000000000000000000000000000000000000000000000000000000000000000000000000
00000000000000000000000000000000000000000000000000000000000000000000000000000000000000000000000000000000000000000000000000000000
00000000000000000000000000000000000000000000000000000000000000000000000000000000000000000000000000000000000000000000000000000000
00000000000000000000000000000000000000000000000000000000000000000000000000000000000000000000000000000000000000000000000000000000
00000000000000000000000000000000000000000000000000000000000000000000000000000000000000000000000000000000000000000000000000000000
00000000000000000000000000000000000000000000000000000000000000000000000000000000000000000000000000000000000000000000000000000000
00000000000000000000000000000000000000000000000000000000000000000000000000000000000000000000000000000000000000000000000000000000
00000000000000000000000000000000000000000000000000000000000000000000000000000000000000000000000000000000000000000000000000000000
00000000000000000000000000000000000000000000000000000000000000000000000000000000000000000000000000000000000000000000000000000000
00000000000000000000000000000000000000000000000000000000000000000000000000000000000000000000000000000000000000000000000000000000
00000000000000000000000000000000000000000000000000000000000000000000000000000000000000000000000000000000000000000000000000000000
00000000000000000000000000000000000000000000000000000000000000000000000000000000000000000000000000000000000000000000000000000000
00000000000000000000000000000000000000000000000000000000000000000000000000000000000000000000000000000000000000000000000000000000
00000000000000000000000000000000000000000000000000000000000000000000000000000000000000000000000000000000000000000000000000000000
00000000000000000000000000000000000000000000000000000000000000000000000000000000000000000000000000000000000000000000000000000000
00000000000000000000000000000000000000000000000000000000000000000000000000000000000000000000000000000000000000000000000000000000
00000000000000000000000000000000000000000000000000000000000000000000000000000000000000000000000000000000000000000000000000000000
00000000000000000000000000000000000000000000000000000000000000000000000000000000000000000000000000000000000000000000000000000000
00000000000000000000000000000000000000000000000000000000000000000000000000000000000000000000000000000000000000000000000000000000
00000000000000000000000000000000000000000000000000000000000000000000000000000000000000000000000000000000000000000000000000000000
00000000000000000000000000000000000000000000000000000000000000000000000000000000000000000000000000000000000000000000000000000000
00000000000000000000000000000000000000000000000000000000000000000000000000000000000000000000000000000000000000000000000000000000
00000000000000000000000000000000000000000000000000000000000000000000000000000000000000000000000000000000000000000000000000000000
00000000000000000000000000000000000000000000000000000000000000000000000000000000000000000000000000000000000000000000000000000000
00000000000000000000000000000000000000000000000000000000000000000000000000000000000000000000000000000000000000000000000000000000
00000000000000000000000000000000000000000000000000000000000000000000000000000000000000000000000000000000000000000000000000000000
00000000000000000000000000000000000000000000000000000000000000000000000000000000000000000000000000000000000000000000000000000000
00000000000000000000000000000000000000000000000000000000000000000000000000000000000000000000000000000000000000000000000000000000
00000000000000000000000000000000000000000000000000000000000000000000000000000000000000000000000000000000000000000000000000000000
00000000000000000000000000000000000000000000000000000000000000000000000000000000000000000000000000000000000000000000000000000000
00000000000000000000000000000000000000000000000000000000000000000000000000000000000000000000000000000000000000000000000000000000
00000000000000000000000000000000000000000000000000000000000000000000000000000000000000000000000000000000000000000000000000000000
00000000000000000000000000000000000000000000000000000000000000000000000000000000000000000000000000000000000000000000000000000000
00000000000000000000000000000000000000000000000000000000000000000000000000000000000000000000000000000000000000000000000000000000
00000000000000000000000000000000000000000000000000000000000000000000000000000000000000000000000000000000000000000000000000000000
00000000000000000000000000000000000000000000000000000000000000000000000000000000000000000000000000000000000000000000000000000000
00000000000000000000000000000000000000000000000000000000000000000000000000000000000000000000000000000000000000000000000000000000
00000000000000000000000000000000000000000000000000000000000000000000000000000000000000000000000000000000000000000000000000000000
00000000000000000000000000000000000000000000000000000000000000000000000000000000000000000000000000000000000000000000000000000000
00000000000000000000000000000000000000000000000000000000000000000000000000000000000000000000000000000000000000000000000000000000
00000000000000000000000000000000000000000000000000000000000000000000000000000000000000000000000000000000000000000000000000000000
00000000000000000000000000000000000000000000000000000000000000000000000000000000000000000000000000000000000000000000000000000000
00000000000000000000000000000000000000000000000000000000000000000000000000000000000000000000000000000000000000000000000000000000
00000000000000000000000000000000000000000000000000000000000000000000000000000000000000000000000000000000000000000000000000000000
00000000000000000000000000000000000000000000000000000000000000000000000000000000000000000000000000000000000000000000000000000000
00000000000000000000000000000000000000000000000000000000000000000000000000000000000000000000000000000000000000000000000000000000
00000000000000000000000000000000000000000000000000000000000000000000000000000000000000000000000000000000000000000000000000000000
00000000000000000000000000000000000000000000000000000000000000000000000000000000000000000000000000000000000000000000000000000000
00000000000000000000000000000000000000000000000000000000000000000000000000000000000000000000000000000000000000000000000000000000
00000000000000000000000000000000000000000000000000000000000000000000000000000000000000000000000000000000000000000000000000000000
00000000000000000000000000000000000000000000000000000000000000000000000000000000000000000000000000000000000000000000000000000000
00000000000000000000000000000000000000000000000000000000000000000000000000000000000000000000000000000000000000000000000000000000
00000000000000000000000000000000000000000000000000000000000000000000000000000000000000000000000000000000000000000000000000000000
00000000000000000000000000000000000000000000000000000000000000000000000000000000000000000000000000000000000000000000000000000000
00000000000000000000000000000000000000000000000000000000000000000000000000000000000000000000000000000000000000000000000000000000
00000000000000000000000000000000000000000000000000000000000000000000000000000000000000000000000000000000000000000000000000000000
00000000000000000000000000000000000000000000000000000000000000000000000000000000000000000000000000000000000000000000000000000000
00000000000000000000000000000000000000000000000000000000000000000000000000000000000000000000000000000000000000000000000000000000
00000000000000000000000000000000000000000000000000000000000000000000000000000000000000000000000000000000000000000000000000000000
00000000000000000000000000000000000000000000000000000000000000000000000000000000000000000000000000000000000000000000000000000000
00000000000000000000000000000000000000000000000000000000000000000000000000000000000000000000000000000000000000000000000000000000
00000000000000000000000000000000000000000000000000000000000000000000000000000000000000000000000000000000000000000000000000000000
00000000000000000000000000000000000000000000000000000000000000000000000000000000000000000000000000000000000000000000000000000000
00000000000000000000000000000000000000000000000000000000000000000000000000000000000000000000000000000000000000000000000000000000
00000000000000000000000000000000000000000000000000000000000000000000000000000000000000000000000000000000000000000000000000000000
00000000000000000000000000000000000000000000000000000000000000000000000000000000000000000000000000000000000000000000000000000000
00000000000000000000000000000000000000000000000000000000000000000000000000000000000000000000000000000000000000000000000000000000
00000000000000000000000000000000000000000000000000000000000000000000000000000000000000000000000000000000000000000000000000000000
00000000000000000000000000000000000000000000000000000000000000000000000000000000000000000000000000000000000000000000000000000000
00000000000000000000000000000000000000000000000000000000000000000000000000000000000000000000000000000000000000000000000000000000
00000000000000000000000000000000000000000000000000000000000000000000000000000000000000000000000000000000000000000000000000000000
00000000000000000000000000000000000000000000000000000000000000000000000000000000000000000000000000000000000000000000000000000000
00000000000000000000000000000000000000000000000000000000000000000000000000000000000000000000000000000000000000000000000000000000
00000000000000000000000000000000000000000000000000000000000000000000000000000000000000000000000000000000000000000000000000000000
00000000000000000000000000000000000000000000000000000000000000000000000000000000000000000000000000000000000000000000000000000000
00000000000000000000000000000000000000000000000000000000000000000000000000000000000000000000000000000000000000000000000000000000
00000000000000000000000000000000000000000000000000000000000000000000000000000000000000000000000000000000000000000000000000000000
00000000000000000000000000000000000000000000000000000000000000000000000000000000000000000000000000000000000000000000000000000000
00000000000000000000000000000000000000000000000000000000000000000000000000000000000000000000000000000000000000000000000000000000
00000000000000000000000000000000000000000000000000000000000000000000000000000000000000000000000000000000000000000000000000000000
00000000000000000000000000000000000000000000000000000000000000000000000000000000000000000000000000000000000000000000000000000000
00000000000000000000000000000000000000000000000000000000000000000000000000000000000000000000000000000000000000000000000000000000
00000000000000000000000000000000000000000000000000000000000000000000000000000000000000000000000000000000000000000000000000000000
00000000000000000000000000000000000000000000000000000000000000000000000000000000000000000000000000000000000000000000000000000000
00000000000000000000000000000000000000000000000000000000000000000000000000000000000000000000000000000000000000000000000000000000
00000000000000000000000000000000000000000000000000000000000000000000000000000000000000000000000000000000000000000000000000000000
00000000000000000000000000000000000000000000000000000000000000000000000000000000000000000000000000000000000000000000000000000000
00000000000000000000000000000000000000000000000000000000000000000000000000000000000000000000000000000000000000000000000000000000
00000000000000000000000000000000000000000000000000000000000000000000000000000000000000000000000000000000000000000000000000000000
00000000000000000000000000000000000000000000000000000000000000000000000000000000000000000000000000000000000000000000000000000000
00000000000000000000000000000000000000000000000000000000000000000000000000000000000000000000000000000000000000000000000000000000
00000000000000000000000000000000000000000000000000000000000000000000000000000000000000000000000000000000000000000000000000000000
00000000000000000000000000000000000000000000000000000000000000000000000000000000000000000000000000000000000000000000000000000000
00000000000000000000000000000000000000000000000000000000000000000000000000000000000000000000000000000000000000000000000000000000
00000000000000000000000000000000000000000000000000000000000000000000000000000000000000000000000000000000000000000000000000000000
00000000000000000000000000000000000000000000000000000000000000000000000000000000000000000000000000000000000000000000000000000000
00000000000000000000000000000000000000000000000000000000000000000000000000000000000000000000000000000000000000000000000000000000
00000000000000000000000000000000000000000000000000000000000000000000000000000000000000000000000000000000000000000000000000000000
00000000000000000000000000000000000000000000000000000000000000000000000000000000000000000000000000000000000000000000000000000000
00000000000000000000000000000000000000000000000000000000000000000000000000000000000000000000000000000000000000000000000000000000
00000000000000000000000000000000000000000000000000000000000000000000000000000000000000000000000000000000000000000000000000000000
00000000000000000000000000000000000000000000000000000000000000000000000000000000000000000000000000000000000000000000000000000000
00000000000000000000000000000000000000000000000000000000000000000000000000000000000000000000000000000000000000000000000000000000
00000000000000000000000000000000000000000000000000000000000000000000000000000000000000000000000000000000000000000000000000000000
00000000000000000000000000000000000000000000000000000000000000000000000000000000000000000000000000000000000000000000000000000000
00000000000000000000000000000000000000000000000000000000000000000000000000000000000000000000000000000000000000000000000000000000
00000000000000000000000000000000000000000000000000000000000000000000000000000000000000000000000000000000000000000000000000000000
00000000000000000000000000000000000000000000000000000000000000000000000000000000000000000000000000000000000000000000000000000000
00000000000000000000000000000000000000000000000000000000000000000000000000000000000000000000000000000000000000000000000000000000
00000000000000000000000000000000000000000000000000000000000000000000000000000000000000000000000000000000000000000000000000000000
00000000000000000000000000000000000000000000000000000000000000000000000000000000000000000000000000000000000000000000000000000000
00000000000000000000000000000000000000000000000000000000000000000000000000000000000000000000000000000000000000000000000000000000
00000000000000000000000000000000000000000000000000000000000000000000000000000000000000000000000000000000000000000000000000000000
00000000000000000000000000000000000000000000000000000000000000000000000000000000000000000000000000000000000000000000000000000000
00000000000000000000000000000000000000000000000000000000000000000000000000000000000000000000000000000000000000000000000000000000
00000000000000000000000000000000000000000000000000000000000000000000000000000000000000000000000000000000000000000000000000000000
00000000000000000000000000000000000000000000000000000000000000000000000000000000000000000000000000000000000000000000000000000000
00000000000000000000000000000000000000000000000000000000000000000000000000000000000000000000000000000000000000000000000000000000
00000000000000000000000000000000000000000000000000000000000000000000000000000000000000000000000000000000000000000000000000000000
00000000000000000000000000000000000000000000000000000000000000000000000000000000000000000000000000000000000000000000000000000000
00000000000000000000000000000000000000000000000000000000000000000000000000000000000000000000000000000000000000000000000000000000
00000000000000000000000000000000000000000000000000000000000000000000000000000000000000000000000000000000000000000000000000000000
00000000000000000000000000000000000000000000000000000000000000000000000000000000000000000000000000000000000000000000000000000000
00000000000000000000000000000000000000000000000000000000000000000000000000000000000000000000000000000000000000000000000000000000
00000000000000000000000000000000000000000000000000000000000000000000000000000000000000000000000000000000000000000000000000000000
00000000000000000000000000000000000000000000000000000000000000000000000000000000000000000000000000000000000000000000000000000000
00000000000000000000000000000000000000000000000000000000000000000000000000000000000000000000000000000000000000000000000000000000
00000000000000000000000000000000000000000000000000000000000000000000000000000000000000000000000000000000000000000000000000000000
00000000000000000000000000000000000000000000000000000000000000000000000000000000000000000000000000000000000000000000000000000000
00000000000000000000000000000000000000000000000000000000000000000000000000000000000000000000000000000000000000000000000000000000
00000000000000000000000000000000000000000000000000000000000000000000000000000000000000000000000000000000000000000000000000000000
00000000000000000000000000000000000000000000000000000000000000000000000000000000000000000000000000000000000000000000000000000000
00000000000000000000000000000000000000000000000000000000000000000000000000000000000000000000000000000000000000000000000000000000
00000000000000000000000000000000000000000000000000000000000000000000000000000000000000000000000000000000000000000000000000000000
00000000000000000000000000000000000000000000000000000000000000000000000000000000000000000000000000000000000000000000000000000000
00000000000000000000000000000000000000000000000000000000000000000000000000000000000000000000000000000000000000000000000000000000
00000000000000000000000000000000000000000000000000000000000000000000000000000000000000000000000000000000000000000000000000000000
00000000000000000000000000000000000000000000000000000000000000000000000000000000000000000000000000000000000000000000000000000000
00000000000000000000000000000000000000000000000000000000000000000000000000000000000000000000000000000000000000000000000000000000
00000000000000000000000000000000000000000000000000000000000000000000000000000000000000000000000000000000000000000000000000000000
00000000000000000000000000000000000000000000000000000000000000000000000000000000000000000000000000000000000000000000000000000000
00000000000000000000000000000000000000000000000000000000000000000000000000000000000000000000000000000000000000000000000000000000
00000000000000000000000000000000000000000000000000000000000000000000000000000000000000000000000000000000000000000000000000000000
00000000000000000000000000000000000000000000000000000000000000000000000000000000000000000000000000000000000000000000000000000000
00000000000000000000000000000000000000000000000000000000000000000000000000000000000000000000000000000000000000000000000000000000
00000000000000000000000000000000000000000000000000000000000000000000000000000000000000000000000000000000000000000000000000000000
00000000000000000000000000000000000000000000000000000000000000000000000000000000000000000000000000000000000000000000000000000000
00000000000000000000000000000000000000000000000000000000000000000000000000000000000000000000000000000000000000000000000000000000
00000000000000000000000000000000000000000000000000000000000000000000000000000000000000000000000000000000000000000000000000000000
00000000000000000000000000000000000000000000000000000000000000000000000000000000000000000000000000000000000000000000000000000000
00000000000000000000000000000000000000000000000000000000000000000000000000000000000000000000000000000000000000000000000000000000
00000000000000000000000000000000000000000000000000000000000000000000000000000000000000000000000000000000000000000000000000000000
00000000000000000000000000000000000000000000000000000000000000000000000000000000000000000000000000000000000000000000000000000000
00000000000000000000000000000000000000000000000000000000000000000000000000000000000000000000000000000000000000000000000000000000
00000000000000000000000000000000000000000000000000000000000000000000000000000000000000000000000000000000000000000000000000000000
00000000000000000000000000000000000000000000000000000000000000000000000000000000000000000000000000000000000000000000000000000000
00000000000000000000000000000000000000000000000000000000000000000000000000000000000000000000000000000000000000000000000000000000
00000000000000000000000000000000000000000000000000000000000000000000000000000000000000000000000000000000000000000000000000000000
00000000000000000000000000000000000000000000000000000000000000000000000000000000000000000000000000000000000000000000000000000000
00000000000000000000000000000000000000000000000000000000000000000000000000000000000000000000000000000000000000000000000000000000
00000000000000000000000000000000000000000000000000000000000000000000000000000000000000000000000000000000000000000000000000000000
00000000000000000000000000000000000000000000000000000000000000000000000000000000000000000000000000000000000000000000000000000000
00000000000000000000000000000000000000000000000000000000000000000000000000000000000000000000000000000000000000000000000000000000
00000000000000000000000000000000000000000000000000000000000000000000000000000000000000000000000000000000000000000000000000000000
00000000000000000000000000000000000000000000000000000000000000000000000000000000000000000000000000000000000000000000000000000000
00000000000000000000000000000000000000000000000000000000000000000000000000000000000000000000000000000000000000000000000000000000
00000000000000000000000000000000000000000000000000000000000000000000000000000000000000000000000000000000000000000000000000000000
00000000000000000000000000000000000000000000000000000000000000000000000000000000000000000000000000000000000000000000000000000000
00000000000000000000000000000000000000000000000000000000000000000000000000000000000000000000000000000000000000000000000000000000
00000000000000000000000000000000000000000000000000000000000000000000000000000000000000000000000000000000000000000000000000000000
00000000000000000000000000000000000000000000000000000000000000000000000000000000000000000000000000000000000000000000000000000000
00000000000000000000000000000000000000000000000000000000000000000000000000000000000000000000000000000000000000000000000000000000
00000000000000000000000000000000000000000000000000000000000000000000000000000000000000000000000000000000000000000000000000000000
00000000000000000000000000000000000000000000000000000000000000000000000000000000000000000000000000000000000000000000000000000000
00000000000000000000000000000000000000000000000000000000000000000000000000000000000000000000000000000000000000000000000000000000
00000000000000000000000000000000000000000000000000000000000000000000000000000000000000000000000000000000000000000000000000000000
00000000000000000000000000000000000000000000000000000000000000000000000000000000000000000000000000000000000000000000000000000000
00000000000000000000000000000000000000000000000000000000000000000000000000000000000000000000000000000000000000000000000000000000
00000000000000000000000000000000000000000000000000000000000000000000000000000000000000000000000000000000000000000000000000000000
00000000000000000000000000000000000000000000000000000000000000000000000000000000000000000000000000000000000000000000000000000000
00000000000000000000000000000000000000000000000000000000000000000000000000000000000000000000000000000000000000000000000000000000
00000000000000000000000000000000000000000000000000000000000000000000000000000000000000000000000000000000000000000000000000000000
00000000000000000000000000000000000000000000000000000000000000000000000000000000000000000000000000000000000000000000000000000000
00000000000000000000000000000000000000000000000000000000000000000000000000000000000000000000000000000000000000000000000000000000
00000000000000000000000000000000000000000000000000000000000000000000000000000000000000000000000000000000000000000000000000000000
00000000000000000000000000000000000000000000000000000000000000000000000000000000000000000000000000000000000000000000000000000000
00000000000000000000000000000000000000000000000000000000000000000000000000000000000000000000000000000000000000000000000000000000
00000000000000000000000000000000000000000000000000000000000000000000000000000000000000000000000000000000000000000000000000000000
00000000000000000000000000000000000000000000000000000000000000000000000000000000000000000000000000000000000000000000000000000000
00000000000000000000000000000000000000000000000000000000000000000000000000000000000000000000000000000000000000000000000000000000
00000000000000000000000000000000000000000000000000000000000000000000000000000000000000000000000000000000000000000000000000000000
00000000000000000000000000000000000000000000000000000000000000000000000000000000000000000000000000000000000000000000000000000000
00000000000000000000000000000000000000000000000000000000000000000000000000000000000000000000000000000000000000000000000000000000
00000000000000000000000000000000000000000000000000000000000000000000000000000000000000000000000000000000000000000000000000000000
00000000000000000000000000000000000000000000000000000000000000000000000000000000000000000000000000000000000000000000000000000000
00000000000000000000000000000000000000000000000000000000000000000000000000000000000000000000000000000000000000000000000000000000
00000000000000000000000000000000000000000000000000000000000000000000000000000000000000000000000000000000000000000000000000000000
00000000000000000000000000000000000000000000000000000000000000000000000000000000000000000000000000000000000000000000000000000000
00000000000000000000000000000000000000000000000000000000000000000000000000000000000000000000000000000000000000000000000000000000
00000000000000000000000000000000000000000000000000000000000000000000000000000000000000000000000000000000000000000000000000000000
00000000000000000000000000000000000000000000000000000000000000000000000000000000000000000000000000000000000000000000000000000000
00000000000000000000000000000000000000000000000000000000000000000000000000000000000000000000000000000000000000000000000000000000
00000000000000000000000000000000000000000000000000000000000000000000000000000000000000000000000000000000000000000000000000000000
00000000000000000000000000000000000000000000000000000000000000000000000000000000000000000000000000000000000000000000000000000000
00000000000000000000000000000000000000000000000000000000000000000000000000000000000000000000000000000000000000000000000000000000
00000000000000000000000000000000000000000000000000000000000000000000000000000000000000000000000000000000000000000000000000000000
00000000000000000000000000000000000000000000000000000000000000000000000000000000000000000000000000000000000000000000000000000000
00000000000000000000000000000000000000000000000000000000000000000000000000000000000000000000000000000000000000000000000000000000
00000000000000000000000000000000000000000000000000000000000000000000000000000000000000000000000000000000000000000000000000000000
00000000000000000000000000000000000000000000000000000000000000000000000000000000000000000000000000000000000000000000000000000000
00000000000000000000000000000000000000000000000000000000000000000000000000000000000000000000000000000000000000000000000000000000
00000000000000000000000000000000000000000000000000000000000000000000000000000000000000000000000000000000000000000000000000000000
00000000000000000000000000000000000000000000000000000000000000000000000000000000000000000000000000000000000000000000000000000000
00000000000000000000000000000000000000000000000000000000000000000000000000000000000000000000000000000000000000000000000000000000
00000000000000000000000000000000000000000000000000000000000000000000000000000000000000000000000000000000000000000000000000000000
00000000000000000000000000000000000000000000000000000000000000000000000000000000000000000000000000000000000000000000000000000000
00000000000000000000000000000000000000000000000000000000000000000000000000000000000000000000000000000000000000000000000000000000
00000000000000000000000000000000000000000000000000000000000000000000000000000000000000000000000000000000000000000000000000000000
00000000000000000000000000000000000000000000000000000000000000000000000000000000000000000000000000000000000000000000000000000000
00000000000000000000000000000000000000000000000000000000000000000000000000000000000000000000000000000000000000000000000000000000
00000000000000000000000000000000000000000000000000000000000000000000000000000000000000000000000000000000000000000000000000000000
00000000000000000000000000000000000000000000000000000000000000000000000000000000000000000000000000000000000000000000000000000000
00000000000000000000000000000000000000000000000000000000000000000000000000000000000000000000000000000000000000000000000000000000
00000000000000000000000000000000000000000000000000000000000000000000000000000000000000000000000000000000000000000000000000000000
00000000000000000000000000000000000000000000000000000000000000000000000000000000000000000000000000000000000000000000000000000000
00000000000000000000000000000000000000000000000000000000000000000000000000000000000000000000000000000000000000000000000000000000
00000000000000000000000000000000000000000000000000000000000000000000000000000000000000000000000000000000000000000000000000000000
00000000000000000000000000000000000000000000000000000000000000000000000000000000000000000000000000000000000000000000000000000000
00000000000000000000000000000000000000000000000000000000000000000000000000000000000000000000000000000000000000000000000000000000
00000000000000000000000000000000000000000000000000000000000000000000000000000000000000000000000000000000000000000000000000000000
00000000000000000000000000000000000000000000000000000000000000000000000000000000000000000000000000000000000000000000000000000000
00000000000000000000000000000000000000000000000000000000000000000000000000000000000000000000000000000000000000000000000000000000
00000000000000000000000000000000000000000000000000000000000000000000000000000000000000000000000000000000000000000000000000000000
00000000000000000000000000000000000000000000000000000000000000000000000000000000000000000000000000000000000000000000000000000000
00000000000000000000000000000000000000000000000000000000000000000000000000000000000000000000000000000000000000000000000000000000
00000000000000000000000000000000000000000000000000000000000000000000000000000000000000000000000000000000000000000000000000000000
00000000000000000000000000000000000000000000000000000000000000000000000000000000000000000000000000000000000000000000000000000000
00000000000000000000000000000000000000000000000000000000000000000000000000000000000000000000000000000000000000000000000000000000
00000000000000000000000000000000000000000000000000000000000000000000000000000000000000000000000000000000000000000000000000000000
00000000000000000000000000000000000000000000000000000000000000000000000000000000000000000000000000000000000000000000000000000000
00000000000000000000000000000000000000000000000000000000000000000000000000000000000000000000000000000000000000000000000000000000
00000000000000000000000000000000000000000000000000000000000000000000000000000000000000000000000000000000000000000000000000000000
00000000000000000000000000000000000000000000000000000000000000000000000000000000000000000000000000000000000000000000000000000000
00000000000000000000000000000000000000000000000000000000000000000000000000000000000000000000000000000000000000000000000000000000
00000000000000000000000000000000000000000000000000000000000000000000000000000000000000000000000000000000000000000000000000000000
00000000000000000000000000000000000000000000000000000000000000000000000000000000000000000000000000000000000000000000000000000000
00000000000000000000000000000000000000000000000000000000000000000000000000000000000000000000000000000000000000000000000000000000
00000000000000000000000000000000000000000000000000000000000000000000000000000000000000000000000000000000000000000000000000000000
00000000000000000000000000000000000000000000000000000000000000000000000000000000000000000000000000000000000000000000000000000000
00000000000000000000000000000000000000000000000000000000000000000000000000000000000000000000000000000000000000000000000000000000
00000000000000000000000000000000000000000000000000000000000000000000000000000000000000000000000000000000000000000000000000000000
00000000000000000000000000000000000000000000000000000000000000000000000000000000000000000000000000000000000000000000000000000000
00000000000000000000000000000000000000000000000000000000000000000000000000000000000000000000000000000000000000000000000000000000
00000000000000000000000000000000000000000000000000000000000000000000000000000000000000000000000000000000000000000000000000000000
00000000000000000000000000000000000000000000000000000000000000000000000000000000000000000000000000000000000000000000000000000000
00000000000000000000000000000000000000000000000000000000000000000000000000000000000000000000000000000000000000000000000000000000
00000000000000000000000000000000000000000000000000000000000000000000000000000000000000000000000000000000000000000000000000000000
00000000000000000000000000000000000000000000000000000000000000000000000000000000000000000000000000000000000000000000000000000000
00000000000000000000000000000000000000000000000000000000000000000000000000000000000000000000000000000000000000000000000000000000
00000000000000000000000000000000000000000000000000000000000000000000000000000000000000000000000000000000000000000000000000000000
00000000000000000000000000000000000000000000000000000000000000000000000000000000000000000000000000000000000000000000000000000000
00000000000000000000000000000000000000000000000000000000000000000000000000000000000000000000000000000000000000000000000000000000
00000000000000000000000000000000000000000000000000000000000000000000000000000000000000000000000000000000000000000000000000000000
00000000000000000000000000000000000000000000000000000000000000000000000000000000000000000000000000000000000000000000000000000000
00000000000000000000000000000000000000000000000000000000000000000000000000000000000000000000000000000000000000000000000000000000
00000000000000000000000000000000000000000000000000000000000000000000000000000000000000000000000000000000000000000000000000000000
00000000000000000000000000000000000000000000000000000000000000000000000000000000000000000000000000000000000000000000000000000000
00000000000000000000000000000000000000000000000000000000000000000000000000000000000000000000000000000000000000000000000000000000
00000000000000000000000000000000000000000000000000000000000000000000000000000000000000000000000000000000000000000000000000000000
00000000000000000000000000000000000000000000000000000000000000000000000000000000000000000000000000000000000000000000000000000000
00000000000000000000000000000000000000000000000000000000000000000000000000000000000000000000000000000000000000000000000000000000
00000000000000000000000000000000000000000000000000000000000000000000000000000000000000000000000000000000000000000000000000000000
00000000000000000000000000000000000000000000000000000000000000000000000000000000000000000000000000000000000000000000000000000000
00000000000000000000000000000000000000000000000000000000000000000000000000000000000000000000000000000000000000000000000000000000
00000000000000000000000000000000000000000000000000000000000000000000000000000000000000000000000000000000000000000000000000000000
00000000000000000000000000000000000000000000000000000000000000000000000000000000000000000000000000000000000000000000000000000000
00000000000000000000000000000000000000000000000000000000000000000000000000000000000000000000000000000000000000000000000000000000
00000000000000000000000000000000000000000000000000000000000000000000000000000000000000000000000000000000000000000000000000000000
00000000000000000000000000000000000000000000000000000000000000000000000000000000000000000000000000000000000000000000000000000000
00000000000000000000000000000000000000000000000000000000000000000000000000000000000000000000000000000000000000000000000000000000
00000000000000000000000000000000000000000000000000000000000000000000000000000000000000000000000000000000000000000000000000000000
00000000000000000000000000000000000000000000000000000000000000000000000000000000000000000000000000000000000000000000000000000000
00000000000000000000000000000000000000000000000000000000000000000000000000000000000000000000000000000000000000000000000000000000
00000000000000000000000000000000000000000000000000000000000000000000000000000000000000000000000000000000000000000000000000000000
00000000000000000000000000000000000000000000000000000000000000000000000000000000000000000000000000000000000000000000000000000000
00000000000000000000000000000000000000000000000000000000000000000000000000000000000000000000000000000000000000000000000000000000
00000000000000000000000000000000000000000000000000000000000000000000000000000000000000000000000000000000000000000000000000000000
00000000000000000000000000000000000000000000000000000000000000000000000000000000000000000000000000000000000000000000000000000000
00000000000000000000000000000000000000000000000000000000000000000000000000000000000000000000000000000000000000000000000000000000
00000000000000000000000000000000000000000000000000000000000000000000000000000000000000000000000000000000000000000000000000000000
00000000000000000000000000000000000000000000000000000000000000000000000000000000000000000000000000000000000000000000000000000000
00000000000000000000000000000000000000000000000000000000000000000000000000000000000000000000000000000000000000000000000000000000
00000000000000000000000000000000000000000000000000000000000000000000000000000000000000000000000000000000000000000000000000000000
00000000000000000000000000000000000000000000000000000000000000000000000000000000000000000000000000000000000000000000000000000000
00000000000000000000000000000000000000000000000000000000000000000000000000000000000000000000000000000000000000000000000000000000
00000000000000000000000000000000000000000000000000000000000000000000000000000000000000000000000000000000000000000000000000000000
00000000000000000000000000000000000000000000000000000000000000000000000000000000000000000000000000000000000000000000000000000000
00000000000000000000000000000000000000000000000000000000000000000000000000000000000000000000000000000000000000000000000000000000
00000000000000000000000000000000000000000000000000000000000000000000000000000000000000000000000000000000000000000000000000000000
00000000000000000000000000000000000000000000000000000000000000000000000000000000000000000000000000000000000000000000000000000000
00000000000000000000000000000000000000000000000000000000000000000000000000000000000000000000000000000000000000000000000000000000
00000000000000000000000000000000000000000000000000000000000000000000000000000000000000000000000000000000000000000000000000000000
00000000000000000000000000000000000000000000000000000000000000000000000000000000000000000000000000000000000000000000000000000000
00000000000000000000000000000000000000000000000000000000000000000000000000000000000000000000000000000000000000000000000000000000
00000000000000000000000000000000000000000000000000000000000000000000000000000000000000000000000000000000000000000000000000000000
00000000000000000000000000000000000000000000000000000000000000000000000000000000000000000000000000000000000000000000000000000000
00000000000000000000000000000000000000000000000000000000000000000000000000000000000000000000000000000000000000000000000000000000
00000000000000000000000000000000000000000000000000000000000000000000000000000000000000000000000000000000000000000000000000000000
00000000000000000000000000000000000000000000000000000000000000000000000000000000000000000000000000000000000000000000000000000000
00000000000000000000000000000000000000000000000000000000000000000000000000000000000000000000000000000000000000000000000000000000
00000000000000000000000000000000000000000000000000000000000000000000000000000000000000000000000000000000000000000000000000000000
00000000000000000000000000000000000000000000000000000000000000000000000000000000000000000000000000000000000000000000000000000000
00000000000000000000000000000000000000000000000000000000000000000000000000000000000000000000000000000000000000000000000000000000
00000000000000000000000000000000000000000000000000000000000000000000000000000000000000000000000000000000000000000000000000000000
00000000000000000000000000000000000000000000000000000000000000000000000000000000000000000000000000000000000000000000000000000000
00000000000000000000000000000000000000000000000000000000000000000000000000000000000000000000000000000000000000000000000000000000
00000000000000000000000000000000000000000000000000000000000000000000000000000000000000000000000000000000000000000000000000000000
00000000000000000000000000000000000000000000000000000000000000000000000000000000000000000000000000000000000000000000000000000000
00000000000000000000000000000000000000000000000000000000000000000000000000000000000000000000000000000000000000000000000000000000
00000000000000000000000000000000000000000000000000000000000000000000000000000000000000000000000000000000000000000000000000000000
00000000000000000000000000000000000000000000000000000000000000000000000000000000000000000000000000000000000000000000000000000000
00000000000000000000000000000000000000000000000000000000000000000000000000000000000000000000000000000000000000000000000000000000
00000000000000000000000000000000000000000000000000000000000000000000000000000000000000000000000000000000000000000000000000000000
00000000000000000000000000000000000000000000000000000000000000000000000000000000000000000000000000000000000000000000000000000000
00000000000000000000000000000000000000000000000000000000000000000000000000000000000000000000000000000000000000000000000000000000
00000000000000000000000000000000000000000000000000000000000000000000000000000000000000000000000000000000000000000000000000000000
00000000000000000000000000000000000000000000000000000000000000000000000000000000000000000000000000000000000000000000000000000000
00000000000000000000000000000000000000000000000000000000000000000000000000000000000000000000000000000000000000000000000000000000
00000000000000000000000000000000000000000000000000000000000000000000000000000000000000000000000000000000000000000000000000000000
00000000000000000000000000000000000000000000000000000000000000000000000000000000000000000000000000000000000000000000000000000000
00000000000000000000000000000000000000000000000000000000000000000000000000000000000000000000000000000000000000000000000000000000
00000000000000000000000000000000000000000000000000000000000000000000000000000000000000000000000000000000000000000000000000000000
00000000000000000000000000000000000000000000000000000000000000000000000000000000000000000000000000000000000000000000000000000000
00000000000000000000000000000000000000000000000000000000000000000000000000000000000000000000000000000000000000000000000000000000
00000000000000000000000000000000000000000000000000000000000000000000000000000000000000000000000000000000000000000000000000000000
00000000000000000000000000000000000000000000000000000000000000000000000000000000000000000000000000000000000000000000000000000000
00000000000000000000000000000000000000000000000000000000000000000000000000000000000000000000000000000000000000000000000000000000
00000000000000000000000000000000000000000000000000000000000000000000000000000000000000000000000000000000000000000000000000000000
00000000000000000000000000000000000000000000000000000000000000000000000000000000000000000000000000000000000000000000000000000000
00000000000000000000000000000000000000000000000000000000000000000000000000000000000000000000000000000000000000000000000000000000
00000000000000000000000000000000000000000000000000000000000000000000000000000000000000000000000000000000000000000000000000000000
00000000000000000000000000000000000000000000000000000000000000000000000000000000000000000000000000000000000000000000000000000000
00000000000000000000000000000000000000000000000000000000000000000000000000000000000000000000000000000000000000000000000000000000
00000000000000000000000000000000000000000000000000000000000000000000000000000000000000000000000000000000000000000000000000000000
00000000000000000000000000000000000000000000000000000000000000000000000000000000000000000000000000000000000000000000000000000000
00000000000000000000000000000000000000000000000000000000000000000000000000000000000000000000000000000000000000000000000000000000
00000000000000000000000000000000000000000000000000000000000000000000000000000000000000000000000000000000000000000000000000000000
00000000000000000000000000000000000000000000000000000000000000000000000000000000000000000000000000000000000000000000000000000000
00000000000000000000000000000000000000000000000000000000000000000000000000000000000000000000000000000000000000000000000000000000
00000000000000000000000000000000000000000000000000000000000000000000000000000000000000000000000000000000000000000000000000000000
00000000000000000000000000000000000000000000000000000000000000000000000000000000000000000000000000000000000000000000000000000000
00000000000000000000000000000000000000000000000000000000000000000000000000000000000000000000000000000000000000000000000000000000
00000000000000000000000000000000000000000000000000000000000000000000000000000000000000000000000000000000000000000000000000000000
00000000000000000000000000000000000000000000000000000000000000000000000000000000000000000000000000000000000000000000000000000000
00000000000000000000000000000000000000000000000000000000000000000000000000000000000000000000000000000000000000000000000000000000
00000000000000000000000000000000000000000000000000000000000000000000000000000000000000000000000000000000000000000000000000000000
00000000000000000000000000000000000000000000000000000000000000000000000000000000000000000000000000000000000000000000000000000000
00000000000000000000000000000000000000000000000000000000000000000000000000000000000000000000000000000000000000000000000000000000
00000000000000000000000000000000000000000000000000000000000000000000000000000000000000000000000000000000000000000000000000000000
00000000000000000000000000000000000000000000000000000000000000000000000000000000000000000000000000000000000000000000000000000000
00000000000000000000000000000000000000000000000000000000000000000000000000000000000000000000000000000000000000000000000000000000
00000000000000000000000000000000000000000000000000000000000000000000000000000000000000000000000000000000000000000000000000000000
00000000000000000000000000000000000000000000000000000000000000000000000000000000000000000000000000000000000000000000000000000000
00000000000000000000000000000000000000000000000000000000000000000000000000000000000000000000000000000000000000000000000000000000
00000000000000000000000000000000000000000000000000000000000000000000000000000000000000000000000000000000000000000000000000000000
00000000000000000000000000000000000000000000000000000000000000000000000000000000000000000000000000000000000000000000000000000000
00000000000000000000000000000000000000000000000000000000000000000000000000000000000000000000000000000000000000000000000000000000
00000000000000000000000000000000000000000000000000000000000000000000000000000000000000000000000000000000000000000000000000000000
00000000000000000000000000000000000000000000000000000000000000000000000000000000000000000000000000000000000000000000000000000000
00000000000000000000000000000000000000000000000000000000000000000000000000000000000000000000000000000000000000000000000000000000
00000000000000000000000000000000000000000000000000000000000000000000000000000000000000000000000000000000000000000000000000000000
00000000000000000000000000000000000000000000000000000000000000000000000000000000000000000000000000000000000000000000000000000000
00000000000000000000000000000000000000000000000000000000000000000000000000000000000000000000000000000000000000000000000000000000
00000000000000000000000000000000000000000000000000000000000000000000000000000000000000000000000000000000000000000000000000000000
00000000000000000000000000000000000000000000000000000000000000000000000000000000000000000000000000000000000000000000000000000000
00000000000000000000000000000000000000000000000000000000000000000000000000000000000000000000000000000000000000000000000000000000
00000000000000000000000000000000000000000000000000000000000000000000000000000000000000000000000000000000000000000000000000000000
00000000000000000000000000000000000000000000000000000000000000000000000000000000000000000000000000000000000000000000000000000000
00000000000000000000000000000000000000000000000000000000000000000000000000000000000000000000000000000000000000000000000000000000
00000000000000000000000000000000000000000000000000000000000000000000000000000000000000000000000000000000000000000000000000000000
00000000000000000000000000000000000000000000000000000000000000000000000000000000000000000000000000000000000000000000000000000000
00000000000000000000000000000000000000000000000000000000000000000000000000000000000000000000000000000000000000000000000000000000
00000000000000000000000000000000000000000000000000000000000000000000000000000000000000000000000000000000000000000000000000000000
00000000000000000000000000000000000000000000000000000000000000000000000000000000000000000000000000000000000000000000000000000000
00000000000000000000000000000000000000000000000000000000000000000000000000000000000000000000000000000000000000000000000000000000
00000000000000000000000000000000000000000000000000000000000000000000000000000000000000000000000000000000000000000000000000000000
00000000000000000000000000000000000000000000000000000000000000000000000000000000000000000000000000000000000000000000000000000000
00000000000000000000000000000000000000000000000000000000000000000000000000000000000000000000000000000000000000000000000000000000
00000000000000000000000000000000000000000000000000000000000000000000000000000000000000000000000000000000000000000000000000000000
00000000000000000000000000000000000000000000000000000000000000000000000000000000000000000000000000000000000000000000000000000000
00000000000000000000000000000000000000000000000000000000000000000000000000000000000000000000000000000000000000000000000000000000
00000000000000000000000000000000000000000000000000000000000000000000000000000000000000000000000000000000000000000000000000000000
00000000000000000000000000000000000000000000000000000000000000000000000000000000000000000000000000000000000000000000000000000000
00000000000000000000000000000000000000000000000000000000000000000000000000000000000000000000000000000000000000000000000000000000
00000000000000000000000000000000000000000000000000000000000000000000000000000000000000000000000000000000000000000000000000000000
00000000000000000000000000000000000000000000000000000000000000000000000000000000000000000000000000000000000000000000000000000000
00000000000000000000000000000000000000000000000000000000000000000000000000000000000000000000000000000000000000000000000000000000
00000000000000000000000000000000000000000000000000000000000000000000000000000000000000000000000000000000000000000000000000000000
00000000000000000000000000000000000000000000000000000000000000000000000000000000000000000000000000000000000000000000000000000000
00000000000000000000000000000000000000000000000000000000000000000000000000000000000000000000000000000000000000000000000000000000
00000000000000000000000000000000000000000000000000000000000000000000000000000000000000000000000000000000000000000000000000000000
00000000000000000000000000000000000000000000000000000000000000000000000000000000000000000000000000000000000000000000000000000000
00000000000000000000000000000000000000000000000000000000000000000000000000000000000000000000000000000000000000000000000000000000
00000000000000000000000000000000000000000000000000000000000000000000000000000000000000000000000000000000000000000000000000000000
00000000000000000000000000000000000000000000000000000000000000000000000000000000000000000000000000000000000000000000000000000000
00000000000000000000000000000000000000000000000000000000000000000000000000000000000000000000000000000000000000000000000000000000
00000000000000000000000000000000000000000000000000000000000000000000000000000000000000000000000000000000000000000000000000000000
00000000000000000000000000000000000000000000000000000000000000000000000000000000000000000000000000000000000000000000000000000000
00000000000000000000000000000000000000000000000000000000000000000000000000000000000000000000000000000000000000000000000000000000
00000000000000000000000000000000000000000000000000000000000000000000000000000000000000000000000000000000000000000000000000000000
00000000000000000000000000000000000000000000000000000000000000000000000000000000000000000000000000000000000000000000000000000000
00000000000000000000000000000000000000000000000000000000000000000000000000000000000000000000000000000000000000000000000000000000
00000000000000000000000000000000000000000000000000000000000000000000000000000000000000000000000000000000000000000000000000000000
00000000000000000000000000000000000000000000000000000000000000000000000000000000000000000000000000000000000000000000000000000000
00000000000000000000000000000000000000000000000000000000000000000000000000000000000000000000000000000000000000000000000000000000
00000000000000000000000000000000000000000000000000000000000000000000000000000000000000000000000000000000000000000000000000000000
00000000000000000000000000000000000000000000000000000000000000000000000000000000000000000000000000000000000000000000000000000000
00000000000000000000000000000000000000000000000000000000000000000000000000000000000000000000000000000000000000000000000000000000
00000000000000000000000000000000000000000000000000000000000000000000000000000000000000000000000000000000000000000000000000000000
00000000000000000000000000000000000000000000000000000000000000000000000000000000000000000000000000000000000000000000000000000000
00000000000000000000000000000000000000000000000000000000000000000000000000000000000000000000000000000000000000000000000000000000
00000000000000000000000000000000000000000000000000000000000000000000000000000000000000000000000000000000000000000000000000000000
00000000000000000000000000000000000000000000000000000000000000000000000000000000000000000000000000000000000000000000000000000000
00000000000000000000000000000000000000000000000000000000000000000000000000000000000000000000000000000000000000000000000000000000
00000000000000000000000000000000000000000000000000000000000000000000000000000000000000000000000000000000000000000000000000000000
00000000000000000000000000000000000000000000000000000000000000000000000000000000000000000000000000000000000000000000000000000000
00000000000000000000000000000000000000000000000000000000000000000000000000000000000000000000000000000000000000000000000000000000
00000000000000000000000000000000000000000000000000000000000000000000000000000000000000000000000000000000000000000000000000000000
00000000000000000000000000000000000000000000000000000000000000000000000000000000000000000000000000000000000000000000000000000000
00000000000000000000000000000000000000000000000000000000000000000000000000000000000000000000000000000000000000000000000000000000
00000000000000000000000000000000000000000000000000000000000000000000000000000000000000000000000000000000000000000000000000000000
00000000000000000000000000000000000000000000000000000000000000000000000000000000000000000000000000000000000000000000000000000000
00000000000000000000000000000000000000000000000000000000000000000000000000000000000000000000000000000000000000000000000000000000
00000000000000000000000000000000000000000000000000000000000000000000000000000000000000000000000000000000000000000000000000000000
00000000000000000000000000000000000000000000000000000000000000000000000000000000000000000000000000000000000000000000000000000000
00000000000000000000000000000000000000000000000000000000000000000000000000000000000000000000000000000000000000000000000000000000
00000000000000000000000000000000000000000000000000000000000000000000000000000000000000000000000000000000000000000000000000000000
00000000000000000000000000000000000000000000000000000000000000000000000000000000000000000000000000000000000000000000000000000000
00000000000000000000000000000000000000000000000000000000000000000000000000000000000000000000000000000000000000000000000000000000
00000000000000000000000000000000000000000000000000000000000000000000000000000000000000000000000000000000000000000000000000000000
00000000000000000000000000000000000000000000000000000000000000000000000000000000000000000000000000000000000000000000000000000000
00000000000000000000000000000000000000000000000000000000000000000000000000000000000000000000000000000000000000000000000000000000
00000000000000000000000000000000000000000000000000000000000000000000000000000000000000000000000000000000000000000000000000000000
00000000000000000000000000000000000000000000000000000000000000000000000000000000000000000000000000000000000000000000000000000000
00000000000000000000000000000000000000000000000000000000000000000000000000000000000000000000000000000000000000000000000000000000
00000000000000000000000000000000000000000000000000000000000000000000000000000000000000000000000000000000000000000000000000000000
00000000000000000000000000000000000000000000000000000000000000000000000000000000000000000000000000000000000000000000000000000000
00000000000000000000000000000000000000000000000000000000000000000000000000000000000000000000000000000000000000000000000000000000
00000000000000000000000000000000000000000000000000000000000000000000000000000000000000000000000000000000000000000000000000000000
00000000000000000000000000000000000000000000000000000000000000000000000000000000000000000000000000000000000000000000000000000000
00000000000000000000000000000000000000000000000000000000000000000000000000000000000000000000000000000000000000000000000000000000
00000000000000000000000000000000000000000000000000000000000000000000000000000000000000000000000000000000000000000000000000000000
00000000000000000000000000000000000000000000000000000000000000000000000000000000000000000000000000000000000000000000000000000000
00000000000000000000000000000000000000000000000000000000000000000000000000000000000000000000000000000000000000000000000000000000
00000000000000000000000000000000000000000000000000000000000000000000000000000000000000000000000000000000000000000000000000000000
00000000000000000000000000000000000000000000000000000000000000000000000000000000000000000000000000000000000000000000000000000000
00000000000000000000000000000000000000000000000000000000000000000000000000000000000000000000000000000000000000000000000000000000
00000000000000000000000000000000000000000000000000000000000000000000000000000000000000000000000000000000000000000000000000000000
00000000000000000000000000000000000000000000000000000000000000000000000000000000000000000000000000000000000000000000000000000000
00000000000000000000000000000000000000000000000000000000000000000000000000000000000000000000000000000000000000000000000000000000
00000000000000000000000000000000000000000000000000000000000000000000000000000000000000000000000000000000000000000000000000000000
00000000000000000000000000000000000000000000000000000000000000000000000000000000000000000000000000000000000000000000000000000000
00000000000000000000000000000000000000000000000000000000000000000000000000000000000000000000000000000000000000000000000000000000
00000000000000000000000000000000000000000000000000000000000000000000000000000000000000000000000000000000000000000000000000000000
00000000000000000000000000000000000000000000000000000000000000000000000000000000000000000000000000000000000000000000000000000000
00000000000000000000000000000000000000000000000000000000000000000000000000000000000000000000000000000000000000000000000000000000
00000000000000000000000000000000000000000000000000000000000000000000000000000000000000000000000000000000000000000000000000000000
00000000000000000000000000000000000000000000000000000000000000000000000000000000000000000000000000000000000000000000000000000000
00000000000000000000000000000000000000000000000000000000000000000000000000000000000000000000000000000000000000000000000000000000
00000000000000000000000000000000000000000000000000000000000000000000000000000000000000000000000000000000000000000000000000000000
00000000000000000000000000000000000000000000000000000000000000000000000000000000000000000000000000000000000000000000000000000000
00000000000000000000000000000000000000000000000000000000000000000000000000000000000000000000000000000000000000000000000000000000
00000000000000000000000000000000000000000000000000000000000000000000000000000000000000000000000000000000000000000000000000000000
00000000000000000000000000000000000000000000000000000000000000000000000000000000000000000000000000000000000000000000000000000000
00000000000000000000000000000000000000000000000000000000000000000000000000000000000000000000000000000000000000000000000000000000
00000000000000000000000000000000000000000000000000000000000000000000000000000000000000000000000000000000000000000000000000000000
00000000000000000000000000000000000000000000000000000000000000000000000000000000000000000000000000000000000000000000000000000000
00000000000000000000000000000000000000000000000000000000000000000000000000000000000000000000000000000000000000000000000000000000
00000000000000000000000000000000000000000000000000000000000000000000000000000000000000000000000000000000000000000000000000000000
00000000000000000000000000000000000000000000000000000000000000000000000000000000000000000000000000000000000000000000000000000000
00000000000000000000000000000000000000000000000000000000000000000000000000000000000000000000000000000000000000000000000000000000
00000000000000000000000000000000000000000000000000000000000000000000000000000000000000000000000000000000000000000000000000000000
00000000000000000000000000000000000000000000000000000000000000000000000000000000000000000000000000000000000000000000000000000000
00000000000000000000000000000000000000000000000000000000000000000000000000000000000000000000000000000000000000000000000000000000
00000000000000000000000000000000000000000000000000000000000000000000000000000000000000000000000000000000000000000000000000000000
00000000000000000000000000000000000000000000000000000000000000000000000000000000000000000000000000000000000000000000000000000000
00000000000000000000000000000000000000000000000000000000000000000000000000000000000000000000000000000000000000000000000000000000
00000000000000000000000000000000000000000000000000000000000000000000000000000000000000000000000000000000000000000000000000000000
00000000000000000000000000000000000000000000000000000000000000000000000000000000000000000000000000000000000000000000000000000000
00000000000000000000000000000000000000000000000000000000000000000000000000000000000000000000000000000000000000000000000000000000
00000000000000000000000000000000000000000000000000000000000000000000000000000000000000000000000000000000000000000000000000000000
00000000000000000000000000000000000000000000000000000000000000000000000000000000000000000000000000000000000000000000000000000000
00000000000000000000000000000000000000000000000000000000000000000000000000000000000000000000000000000000000000000000000000000000
00000000000000000000000000000000000000000000000000000000000000000000000000000000000000000000000000000000000000000000000000000000
00000000000000000000000000000000000000000000000000000000000000000000000000000000000000000000000000000000000000000000000000000000
00000000000000000000000000000000000000000000000000000000000000000000000000000000000000000000000000000000000000000000000000000000
00000000000000000000000000000000000000000000000000000000000000000000000000000000000000000000000000000000000000000000000000000000
00000000000000000000000000000000000000000000000000000000000000000000000000000000000000000000000000000000000000000000000000000000
00000000000000000000000000000000000000000000000000000000000000000000000000000000000000000000000000000000000000000000000000000000
00000000000000000000000000000000000000000000000000000000000000000000000000000000000000000000000000000000000000000000000000000000
00000000000000000000000000000000000000000000000000000000000000000000000000000000000000000000000000000000000000000000000000000000
00000000000000000000000000000000000000000000000000000000000000000000000000000000000000000000000000000000000000000000000000000000
00000000000000000000000000000000000000000000000000000000000000000000000000000000000000000000000000000000000000000000000000000000
00000000000000000000000000000000000000000000000000000000000000000000000000000000000000000000000000000000000000000000000000000000
00000000000000000000000000000000000000000000000000000000000000000000000000000000000000000000000000000000000000000000000000000000
00000000000000000000000000000000000000000000000000000000000000000000000000000000000000000000000000000000000000000000000000000000
00000000000000000000000000000000000000000000000000000000000000000000000000000000000000000000000000000000000000000000000000000000
00000000000000000000000000000000000000000000000000000000000000000000000000000000000000000000000000000000000000000000000000000000
00000000000000000000000000000000000000000000000000000000000000000000000000000000000000000000000000000000000000000000000000000000
00000000000000000000000000000000000000000000000000000000000000000000000000000000000000000000000000000000000000000000000000000000
00000000000000000000000000000000000000000000000000000000000000000000000000000000000000000000000000000000000000000000000000000000
00000000000000000000000000000000000000000000000000000000000000000000000000000000000000000000000000000000000000000000000000000000
00000000000000000000000000000000000000000000000000000000000000000000000000000000000000000000000000000000000000000000000000000000
00000000000000000000000000000000000000000000000000000000000000000000000000000000000000000000000000000000000000000000000000000000
00000000000000000000000000000000000000000000000000000000000000000000000000000000000000000000000000000000000000000000000000000000
00000000000000000000000000000000000000000000000000000000000000000000000000000000000000000000000000000000000000000000000000000000
00000000000000000000000000000000000000000000000000000000000000000000000000000000000000000000000000000000000000000000000000000000
00000000000000000000000000000000000000000000000000000000000000000000000000000000000000000000000000000000000000000000000000000000
00000000000000000000000000000000000000000000000000000000000000000000000000000000000000000000000000000000000000000000000000000000
00000000000000000000000000000000000000000000000000000000000000000000000000000000000000000000000000000000000000000000000000000000
00000000000000000000000000000000000000000000000000000000000000000000000000000000000000000000000000000000000000000000000000000000
00000000000000000000000000000000000000000000000000000000000000000000000000000000000000000000000000000000000000000000000000000000
00000000000000000000000000000000000000000000000000000000000000000000000000000000000000000000000000000000000000000000000000000000
00000000000000000000000000000000000000000000000000000000000000000000000000000000000000000000000000000000000000000000000000000000
00000000000000000000000000000000000000000000000000000000000000000000000000000000000000000000000000000000000000000000000000000000
00000000000000000000000000000000000000000000000000000000000000000000000000000000000000000000000000000000000000000000000000000000
00000000000000000000000000000000000000000000000000000000000000000000000000000000000000000000000000000000000000000000000000000000
00000000000000000000000000000000000000000000000000000000000000000000000000000000000000000000000000000000000000000000000000000000
00000000000000000000000000000000000000000000000000000000000000000000000000000000000000000000000000000000000000000000000000000000
00000000000000000000000000000000000000000000000000000000000000000000000000000000000000000000000000000000000000000000000000000000
00000000000000000000000000000000000000000000000000000000000000000000000000000000000000000000000000000000000000000000000000000000
00000000000000000000000000000000000000000000000000000000000000000000000000000000000000000000000000000000000000000000000000000000
00000000000000000000000000000000000000000000000000000000000000000000000000000000000000000000000000000000000000000000000000000000
00000000000000000000000000000000000000000000000000000000000000000000000000000000000000000000000000000000000000000000000000000000
00000000000000000000000000000000000000000000000000000000000000000000000000000000000000000000000000000000000000000000000000000000
00000000000000000000000000000000000000000000000000000000000000000000000000000000000000000000000000000000000000000000000000000000
00000000000000000000000000000000000000000000000000000000000000000000000000000000000000000000000000000000000000000000000000000000
00000000000000000000000000000000000000000000000000000000000000000000000000000000000000000000000000000000000000000000000000000000
00000000000000000000000000000000000000000000000000000000000000000000000000000000000000000000000000000000000000000000000000000000
00000000000000000000000000000000000000000000000000000000000000000000000000000000000000000000000000000000000000000000000000000000
00000000000000000000000000000000000000000000000000000000000000000000000000000000000000000000000000000000000000000000000000000000
00000000000000000000000000000000000000000000000000000000000000000000000000000000000000000000000000000000000000000000000000000000
00000000000000000000000000000000000000000000000000000000000000000000000000000000000000000000000000000000000000000000000000000000
00000000000000000000000000000000000000000000000000000000000000000000000000000000000000000000000000000000000000000000000000000000
00000000000000000000000000000000000000000000000000000000000000000000000000000000000000000000000000000000000000000000000000000000
00000000000000000000000000000000000000000000000000000000000000000000000000000000000000000000000000000000000000000000000000000000
00000000000000000000000000000000000000000000000000000000000000000000000000000000000000000000000000000000000000000000000000000000
00000000000000000000000000000000000000000000000000000000000000000000000000000000000000000000000000000000000000000000000000000000
00000000000000000000000000000000000000000000000000000000000000000000000000000000000000000000000000000000000000000000000000000000
00000000000000000000000000000000000000000000000000000000000000000000000000000000000000000000000000000000000000000000000000000000
00000000000000000000000000000000000000000000000000000000000000000000000000000000000000000000000000000000000000000000000000000000
00000000000000000000000000000000000000000000000000000000000000000000000000000000000000000000000000000000000000000000000000000000
00000000000000000000000000000000000000000000000000000000000000000000000000000000000000000000000000000000000000000000000000000000
00000000000000000000000000000000000000000000000000000000000000000000000000000000000000000000000000000000000000000000000000000000
00000000000000000000000000000000000000000000000000000000000000000000000000000000000000000000000000000000000000000000000000000000
00000000000000000000000000000000000000000000000000000000000000000000000000000000000000000000000000000000000000000000000000000000
00000000000000000000000000000000000000000000000000000000000000000000000000000000000000000000000000000000000000000000000000000000
00000000000000000000000000000000000000000000000000000000000000000000000000000000000000000000000000000000000000000000000000000000
00000000000000000000000000000000000000000000000000000000000000000000000000000000000000000000000000000000000000000000000000000000
00000000000000000000000000000000000000000000000000000000000000000000000000000000000000000000000000000000000000000000000000000000
00000000000000000000000000000000000000000000000000000000000000000000000000000000000000000000000000000000000000000000000000000000
00000000000000000000000000000000000000000000000000000000000000000000000000000000000000000000000000000000000000000000000000000000
00000000000000000000000000000000000000000000000000000000000000000000000000000000000000000000000000000000000000000000000000000000
00000000000000000000000000000000000000000000000000000000000000000000000000000000000000000000000000000000000000000000000000000000
00000000000000000000000000000000000000000000000000000000000000000000000000000000000000000000000000000000000000000000000000000000
00000000000000000000000000000000000000000000000000000000000000000000000000000000000000000000000000000000000000000000000000000000
00000000000000000000000000000000000000000000000000000000000000000000000000000000000000000000000000000000000000000000000000000000
00000000000000000000000000000000000000000000000000000000000000000000000000000000000000000000000000000000000000000000000000000000
00000000000000000000000000000000000000000000000000000000000000000000000000000000000000000000000000000000000000000000000000000000
00000000000000000000000000000000000000000000000000000000000000000000000000000000000000000000000000000000000000000000000000000000
00000000000000000000000000000000000000000000000000000000000000000000000000000000000000000000000000000000000000000000000000000000
00000000000000000000000000000000000000000000000000000000000000000000000000000000000000000000000000000000000000000000000000000000
00000000000000000000000000000000000000000000000000000000000000000000000000000000000000000000000000000000000000000000000000000000
00000000000000000000000000000000000000000000000000000000000000000000000000000000000000000000000000000000000000000000000000000000
00000000000000000000000000000000000000000000000000000000000000000000000000000000000000000000000000000000000000000000000000000000
00000000000000000000000000000000000000000000000000000000000000000000000000000000000000000000000000000000000000000000000000000000
00000000000000000000000000000000000000000000000000000000000000000000000000000000000000000000000000000000000000000000000000000000
00000000000000000000000000000000000000000000000000000000000000000000000000000000000000000000000000000000000000000000000000000000
00000000000000000000000000000000000000000000000000000000000000000000000000000000000000000000000000000000000000000000000000000000
00000000000000000000000000000000000000000000000000000000000000000000000000000000000000000000000000000000000000000000000000000000
00000000000000000000000000000000000000000000000000000000000000000000000000000000000000000000000000000000000000000000000000000000
00000000000000000000000000000000000000000000000000000000000000000000000000000000000000000000000000000000000000000000000000000000
00000000000000000000000000000000000000000000000000000000000000000000000000000000000000000000000000000000000000000000000000000000
00000000000000000000000000000000000000000000000000000000000000000000000000000000000000000000000000000000000000000000000000000000
00000000000000000000000000000000000000000000000000000000000000000000000000000000000000000000000000000000000000000000000000000000
00000000000000000000000000000000000000000000000000000000000000000000000000000000000000000000000000000000000000000000000000000000
00000000000000000000000000000000000000000000000000000000000000000000000000000000000000000000000000000000000000000000000000000000
00000000000000000000000000000000000000000000000000000000000000000000000000000000000000000000000000000000000000000000000000000000
00000000000000000000000000000000000000000000000000000000000000000000000000000000000000000000000000000000000000000000000000000000
00000000000000000000000000000000000000000000000000000000000000000000000000000000000000000000000000000000000000000000000000000000
00000000000000000000000000000000000000000000000000000000000000000000000000000000000000000000000000000000000000000000000000000000
00000000000000000000000000000000000000000000000000000000000000000000000000000000000000000000000000000000000000000000000000000000
00000000000000000000000000000000000000000000000000000000000000000000000000000000000000000000000000000000000000000000000000000000
00000000000000000000000000000000000000000000000000000000000000000000000000000000000000000000000000000000000000000000000000000000
00000000000000000000000000000000000000000000000000000000000000000000000000000000000000000000000000000000000000000000000000000000
00000000000000000000000000000000000000000000000000000000000000000000000000000000000000000000000000000000000000000000000000000000
00000000000000000000000000000000000000000000000000000000000000000000000000000000000000000000000000000000000000000000000000000000
00000000000000000000000000000000000000000000000000000000000000000000000000000000000000000000000000000000000000000000000000000000
00000000000000000000000000000000000000000000000000000000000000000000000000000000000000000000000000000000000000000000000000000000
00000000000000000000000000000000000000000000000000000000000000000000000000000000000000000000000000000000000000000000000000000000
00000000000000000000000000000000000000000000000000000000000000000000000000000000000000000000000000000000000000000000000000000000
00000000000000000000000000000000000000000000000000000000000000000000000000000000000000000000000000000000000000000000000000000000
00000000000000000000000000000000000000000000000000000000000000000000000000000000000000000000000000000000000000000000000000000000
00000000000000000000000000000000000000000000000000000000000000000000000000000000000000000000000000000000000000000000000000000000
00000000000000000000000000000000000000000000000000000000000000000000000000000000000000000000000000000000000000000000000000000000
00000000000000000000000000000000000000000000000000000000000000000000000000000000000000000000000000000000000000000000000000000000
00000000000000000000000000000000000000000000000000000000000000000000000000000000000000000000000000000000000000000000000000000000
00000000000000000000000000000000000000000000000000000000000000000000000000000000000000000000000000000000000000000000000000000000
00000000000000000000000000000000000000000000000000000000000000000000000000000000000000000000000000000000000000000000000000000000
00000000000000000000000000000000000000000000000000000000000000000000000000000000000000000000000000000000000000000000000000000000
00000000000000000000000000000000000000000000000000000000000000000000000000000000000000000000000000000000000000000000000000000000
00000000000000000000000000000000000000000000000000000000000000000000000000000000000000000000000000000000000000000000000000000000
00000000000000000000000000000000000000000000000000000000000000000000000000000000000000000000000000000000000000000000000000000000
00000000000000000000000000000000000000000000000000000000000000000000000000000000000000000000000000000000000000000000000000000000
00000000000000000000000000000000000000000000000000000000000000000000000000000000000000000000000000000000000000000000000000000000
00000000000000000000000000000000000000000000000000000000000000000000000000000000000000000000000000000000000000000000000000000000
00000000000000000000000000000000000000000000000000000000000000000000000000000000000000000000000000000000000000000000000000000000
00000000000000000000000000000000000000000000000000000000000000000000000000000000000000000000000000000000000000000000000000000000
00000000000000000000000000000000000000000000000000000000000000000000000000000000000000000000000000000000000000000000000000000000
00000000000000000000000000000000000000000000000000000000000000000000000000000000000000000000000000000000000000000000000000000000
00000000000000000000000000000000000000000000000000000000000000000000000000000000000000000000000000000000000000000000000000000000
00000000000000000000000000000000000000000000000000000000000000000000000000000000000000000000000000000000000000000000000000000000
*
CB2EE*
NOTE FEATURE_ROW*
E0000000000000000000000000000000000000000000000000000000000000000
0000010001100000*
NOTE User Electronic Signature Data*
UH00000000*
EC86
