:020000040800F2
:1000000000400020A10600087D5F0008815F000815
:1000100000000000000000000000000000000000E0
:10002000000000000000000000000000855F0008E4
:100030000000000000000000895F00088D5F0008DC
:100040004907000849070008490700084907000850
:1000500049070008955F0008A15F000849070008EC
:100060004907000849070008490700084907000830
:100070004907000849070008490700084907000820
:100080004907000849070008490700084907000810
:100090004907000849070008490700084907000800
:1000A00049070008490700084907000849070008F0
:1000B000490700084907000849070008856000084B
:1000C00010B5064C2378002B07D1054B002B02D02E
:1000D000044800E000BF0123237010BDE8010020A8
:1000E00000000000C8AA0008044B10B5002B03D084
:1000F0000349044800E000BF10BDC04600000000F6
:10010000EC010020C8AA0008002243088B4274D3E7
:1001100003098B425FD3030A8B4244D3030B8B4208
:1001200028D3030C8B420DD3FF22090212BA030C11
:100130008B4202D31212090265D0030B8B4219D3F2
:1001400000E0090AC30B8B4201D3CB03C01A524112
:10015000830B8B4201D38B03C01A5241430B8B425A
:1001600001D34B03C01A5241030B8B4201D30B0343
:10017000C01A5241C30A8B4201D3CB02C01A52416A
:10018000830A8B4201D38B02C01A5241430A8B422D
:1001900001D34B02C01A5241030A8B4201D30B0216
:1001A000C01A5241CDD2C3098B4201D3CB01C01A30
:1001B000524183098B4201D38B01C01A524143093A
:1001C0008B4201D34B01C01A524103098B4201D328
:1001D0000B01C01A5241C3088B4201D3CB00C01A95
:1001E000524183088B4201D38B00C01A524143080D
:1001F0008B4201D34B00C01A5241411A00D2014632
:10020000524110467047FFE701B5002000F0F0F8BA
:1002100002BDC0460029F7D076E7704703460B437E
:100220007FD4002243088B4274D303098B425FD3EF
:10023000030A8B4244D3030B8B4228D3030C8B421B
:100240000DD3FF22090212BA030C8B4202D3121201
:10025000090265D0030B8B4219D300E0090AC30BD6
:100260008B4201D3CB03C01A5241830B8B4201D383
:100270008B03C01A5241430B8B4201D34B03C01A6C
:100280005241030B8B4201D30B03C01A5241C30AE4
:100290008B4201D3CB02C01A5241830A8B4201D355
:1002A0008B02C01A5241430A8B4201D34B02C01A3F
:1002B0005241030A8B4201D30B02C01A5241CDD2E4
:1002C000C3098B4201D3CB01C01A524183098B422F
:1002D00001D38B01C01A524143098B4201D34B0118
:1002E000C01A524103098B4201D30B01C01A52417B
:1002F000C3088B4201D3CB00C01A524183088B4202
:1003000001D38B00C01A524143088B4201D34B00EA
:10031000C01A5241411A00D201465241104670475C
:100320005DE0CA0F00D04942031000D34042534061
:1003300000229C4603098B422DD3030A8B4212D321
:10034000FC22890112BA030A8B420CD38901921153
:100350008B4208D3890192118B4204D389013AD090
:10036000921100E08909C3098B4201D3CB01C01A65
:10037000524183098B4201D38B01C01A5241430978
:100380008B4201D34B01C01A524103098B4201D366
:100390000B01C01A5241C3088B4201D3CB00C01AD3
:1003A000524183088B4201D38B00C01A5241D9D2EB
:1003B00043088B4201D34B00C01A5241411A00D26C
:1003C0000146634652415B10104601D34042002B68
:1003D00000D54942704763465B1000D3404201B5E7
:1003E000002000F005F802BD0029F8D016E770479C
:1003F0007047C046002B11D1002A0FD1002900D12F
:10040000002802D00021C943080007B4024802A115
:100410004018029003BDC046D9FFFFFF03B46846F1
:1004200001B5029800F034F8019B9E4602B00CBC66
:100430007047C046F0B5CE469946030C9C4613045F
:1004400047461B0C1D000E0061460404240C80B5B9
:100450000700100C4B436543414360432C0CC0180C
:1004600024188C46A34203D980235B029846C444D7
:10047000494679435643230C2D042D0C89196344B6
:1004800024046019C918C0BCB946B046F0BDC046C6
:10049000F0B557464E464546DE46E0B504000D0031
:1004A0009246994683B08B4230D82DD0494650466B
:1004B00000F0BAF829000600200000F0B5F8331A61
:1004C0009846203B34D49B4653465A469340424676
:1004D0001F00534693401E00AF423BD8AF4200D1AD
:1004E00079E05B46A41BBD41002B00DA76E00022D8
:1004F00000230092019301235A4693400193012364
:1005000042469340009329E08242CFD90022002343
:10051000009201930C9B002B01D01C605D60009841
:10052000019903B0F0BCBB46B246A946A046F0BD57
:1005300042469B4620239B1A5246DA40414613000E
:100540004A468A40170042461F43534693401E00C6
:10055000AF42C3D900220023009201934346002BEF
:10056000D8D0FB0772081A4346467B080EE0AB4220
:1005700001D1A2420CD8A41A9D41012024196D4139
:100580000021013E24184D41002E06D0AB42EED989
:10059000013E24196D41002EF8D1009801995B4667
:1005A00000196941002B24DB2B005A464446D340F6
:1005B0002A00E2401C005B461500002B2ADB2600C7
:1005C0009E40330026004746BE403200801A9941C3
:1005D000009001919EE7A342BCD882E742462023C7
:1005E00000219B1A0022009101920122DA4001921F
:1005F00085E7424620239B1A2A0046469A4023005C
:10060000F340444613432A00E2401C005B461500B9
:10061000002BD4DA42462F002023260097409B1A55
:10062000DE403B003343CDE710B5002903D100F095
:1006300007F8203002E0080000F002F810BDC046C4
:100640001C2101231B04984201D3000C10391B0A02
:10065000984201D3000A08391B09984201D30009C6
:10066000043902A2105C40187047C046040302021D
:100670000101010100000000000000000023C25C35
:100680000133002AFBD1581E7047000003B47146A5
:10069000490840004900095E49008E4403BC704788
:1006A0001E4885461E4801681E4A914212D100210B
:1006B00001601D4801680122114301601B48016867
:1006C00003229143012211430160194801688D46BC
:1006D000416808471448016801221143016013482A
:1006E000016803229143016012481349134A002311
:1006F00002E0D458C4500433C4188C42F9D3104AD1
:10070000104C002301E013600432A242FBD305F039
:10071000E3FC09F06BFD03F063FBFEE70040002003
:10072000F03F0020EFBEADDE181002400000014097
:1007300000C8FF1F00000020E401002020D10008B5
:10074000E80100209C2E0020FEE700003E280AD889
:100750002A2806D9074B2B38C0B2C34001201840C5
:1007600070470020FCE7FD235B38184043425841A6
:10077000C0B2F5E70F000A00F8B5070010000C0042
:100780001600FFF77BFFA04216D8002816D00024E1
:1007900002E00134A04211D0395D335D0A00613AB4
:1007A000192A01D82039C9B21D00613D192D01D87F
:1007B000203BDBB29942ECD00020F8BD0120FCE7E1
:1007C000F0B5C646060000B5100088461700FFF7D2
:1007D00055FF404516D8002818D0002502E0013505
:1007E000A84213D0745D7B5D2200613A192A01D8BA
:1007F000203CE4B21A00613A192A01D8203BDBB24E
:100800009C42ECD0002080BCB846F0BD40450FD2E1
:1008100001213318074846441A78093AD2B2172AF8
:10082000F0D80400D4402142ECD001339E42F3D1F1
:100830000120E8E71300800070B5040007F0BCFD5C
:100840002100FFF7E7FC0B0061088B421FD2580123
:10085000C01A8000C018C000FFF756FC114B5C683E
:10086000002C00D1104CFA210E4B890040439D68AA
:10087000FFF74AFCFA2160438900FFF745FC80221C
:100880000A4B641BD200A0420AD99A6170BDE41AD7
:100890006001001B80000019C000FFF735FCDDE798
:1008A0009A62F3E710E000E080BB0000001400480B
:1008B000F0B5C64600B586B0182836D90F223D4B94
:1008C0000F241A70002303930133FF3301933A4F2F
:1008D000FD3B01ADEB600121384A90201368C00553
:1008E0008B4313600022364B29001A7002232A61C1
:1008F0006B6005F0ADFFA3001B199B00FB181A6984
:10090000304B1A60304A1278002A4DD119681A68A3
:10091000E023DB051A40F0231B050020194007F0F7
:1009200003FC06B080BCB846F0BD8600224F3618E6
:10093000B600BE19337A040098461E4B1022187078
:10094000002102A809F01EFC80235B0001AD019389
:10095000FD3BEB604346002BBDD000220021002070
:1009600007F0E2FB0022174B90201A6002232900B7
:10097000C0056B602B6105F06BFF01210F4B1A68FE
:100980008A431A6072899A62B289DA62013252101D
:100990005A630B4A596111700B4A1278002AC0D170
:1009A0001A680A431A60BCE700220021002007F001
:1009B000BBFBB6E7381B002078CE0008002C0140B6
:1009C0001B170020201700201A170020F0B5D6466C
:1009D0004F464646C0B58046FFF750FE071E20D062
:1009E000184B85269A46AE239B00994653464A46A5
:1009F00000249B58B6003D1B402D1FD8A9B21248B9
:100A00009A59002A16D14346181909F0E3F85346BB
:100A10004A460D499B589A59002A07D16419A742A2
:100A2000E9D8E0BCBA46B146A846F0BD0139002974
:100A3000F1D1F3E701380028E2D1E4E74025402175
:100A4000DDE7C046A81B0020400D0300F0B54F466F
:100A50004646D6468046C0B50F1E20D0184B852688
:100A60009A46AE239B00994653464A4600249B581B
:100A7000B6003D1B402D1FD8A9B212489A59002A32
:100A800016D14346181909F0A5F853464A460D49B0
:100A90009B589A59002A07D16419A742E9D8E0BCAB
:100AA000BA46B146A846F0BD01390029F1D1F3E7B5
:100AB00001380028E2D1E4E740254021DDE7C046C7
:100AC000A81B0020400D03000FB400B5A3B024AB59
:100AD00004CB802102A8019309F03AFB02A8FFF79A
:100AE00075FF23B008BC04B01847C046010070B5BC
:100AF00000281DD0144B4201D3181878012816D1B4
:100B000012485C6984461248624484469D69644484
:100B10002B001048FFF7D8FF29002000FFF796FFB1
:100B20000D48FFF753FF0D4B1B78022B04D070BD0F
:100B30000B4D0C4C0C4AEBE70C48FFF747FF01222A
:100B40000B4B1A70F3E7C046004001080140010852
:100B50000048010840AB000858AB0008391B0020D2
:100B60007706000000C8000830AB000868AB00083A
:100B70009916002000B5104B8FB01A78182A18D893
:100B800093000E499B189B005B58182168460C4A3D
:100B900009F07AFA6B460B4A202106A809F074FA8C
:100BA000094806A9FFF790FF1222084B1A700FB0F0
:100BB00000BD074BE9E7C046381B002078CE00088F
:100BC00098AB0008A4AB0008ACAB00084C020020B6
:100BD00028AB000800B5164B83B01878172801D948
:100BE00003B000BD0130C0B2FFF762FE0122114B1D
:100BF0001A7007F0E1FB104B1860FFF7BBFF802174
:100C000001220E48C90005F0C9FF00230193019B92
:100C10000B4A934205DC019B01330193019B9342F4
:100C2000F9DD802100220548C90005F0B7FFD7E7AC
:100C3000381B0020CC160020C816002000140048E5
:100C40005FEA000000B5164B83B01878002801D188
:100C500003B000BD0138C0B2FFF72AFE0122114BDC
:100C60001A7007F0A9FB104B1860FFF783FF802173
:100C700001220E48C90005F091FF00230193019B5A
:100C80000B4A934205DC019B01330193019B934284
:100C9000F9DD802100220548C90005F07FFFD7E774
:100CA000381B0020CC160020C81600200014004875
:100CB0005FEA0000012370B50C4E0024337000235E
:100CC00001200B4D0B4A2B7001331178012903D100
:100CD0000124411C2B54C8B20133DBB22032402B1B
:100CE000F3D1002C00D0307070BDC0460902002046
:100CF0000C020020204001080020054B05491A780D
:100D0000012A01D19A69801820338B42F7D17047AC
:100D10002040010800480108F0B58DB005F0E4FC62
:100D200000233422012600930193174C174B0294A1
:100D300003966946DA6001A805F04CFC051E05D053
:100D400005F0E6FCFFF7B6FF0DB0F0BD11200F2255
:100D50000F4904AF68443E7009F06EFA80235B00CF
:100D600008930C4B0C4E0A930C4B09950C4D0B93AE
:100D70006E442100325900230220043405F006FDA0
:100D8000AC42F6D1DCE7C04600400108002002403A
:100D900030AB00087706000010C0FEF70101C0BFAD
:100DA00020400108F0B54546DE4657464E46E0B5C0
:100DB0003F4C00253F4B4048A54402E0203383428E
:100DC00012D01A78012AF9D16E1C14AA6D01541997
:100DD00022001900B0C9B0C2B0C9B0C2203330C9B6
:100DE00030C2F5B28342ECD105F07EFC0023342200
:100DF000012600930193314C314B029403966946CE
:100E0000DA6001A805F0E6FB804600280BD005F06B
:100E10007FFCFFF74FFF2B4B9D44F0BCBB46B24617
:100E2000A946A046F0BD112004AF0F222649684410
:100E30003E7009F001FA80235B0008934346099352
:100E4000224B234E0A93234B1A4F0B936E442100DF
:100E5000325900230220043405F098FCBC42F6D13C
:100E6000002DD4D014AB99460CAB9A465B429B46FE
:100E70004F4653464A4613CA13C313CA13C35446B4
:100E80000C4E03CA03C35E442268311900230220BA
:100E9000043405F07BFCA742F6D143460133DBB2B4
:100EA000984620239C46E144E3444545E1D1AEE722
:100EB000ACF7FFFF2040010800480108004001088E
:100EC000002002405408000030AB00087706000004
:100ED00010C0FEF70101C0BF0C4B10B59C46440189
:100EE00064442378012B00D010BD05F0FDFB3422B3
:100EF000074B2100DA6001200022002305F046FCA8
:100F000005F006FCFFF74EFFEEE7C0460040010883
:100F1000002002401D4B10B5DA691D4B9A4230D1BA
:100F20001C4B1D4902E020338B422DD01A78FF2A3A
:100F3000F9D01A78012AF6D001240020154B164961
:100F400004E000280ED120338B4206D01A78FF2A05
:100F5000F7D1203301208B42F8D1002C0ED1FFF7BE
:100F6000A9FE10E01A78012A08D020338B42F4D071
:100F70001A78FF2AE7D01A78012AF6D1FFF712FF74
:100F800001E0FFF7C9FE10BD0024D6E700400108CC
:100F90000101C0BF204001080048010810B500242D
:100FA0000F4B00211C600F4B10220F481C7009F0E2
:100FB000E9F803220D4B0E481C700E4B1A70FFF718
:100FC00005FD0D4C2000FFF701FD0C48FFF7FEFC6E
:100FD0002000FFF7FBFC0A48FFF7F8FC10BDC046F5
:100FE000A8160020AC160020B0160020C016002065
:100FF000C0AB0008391B0020CCAB000804AC0008D3
:101000003CAC0008F0B5D64646464F462A4BC0B524
:1010100098468CB06D461800FFF7D8FC2748FFF7BC
:10102000D5FC4046FFF7D2FC2548FFF7CFFC4046F1
:10103000FFF7CCFC234B2A00190051C951C251C9FA
:1010400051C21833160013CB13C213CB13C20023A3
:101050001D4FFB56052B01DD05233B701B4A002469
:1010600091461B4A924608E048460134FFF72CFDA2
:101070000435062C0DD00023FB56A2002968B25877
:10108000A342F1D150460134FFF71EFD0435062C72
:10109000F1D14046FFF79AFC0E48FFF797FC404617
:1010A000FFF794FC0C48FFF791FC0CB0E0BCBA468B
:1010B000B146A846F0BDC046CCAB000878AC0008ED
:1010C000B0AC0008E0AA0008C316002008AD000874
:1010D000E8AC000820AD000858AD0008F0B5DE46C9
:1010E00057464E464546924BE0B59A46180087B0A3
:1010F000FFF76CFC8F48FFF769FC5046FFF766FC72
:101100008D48FFF763FC5046FFF760FC8B4B019363
:101110001B78002B00D1D7E00D270D230022884E2D
:10112000B256BA4201DB013B3370864B002498462D
:10113000854B02AD9946854B00969B460C2C00D9F9
:10114000B6E04246A300D3589F46019B1B78002B74
:1011500000D0BCE02A007E4B43CB43C21B787D49C4
:101160001370009B2A001B785BB2A3422DD0484627
:10117000FFF7AAFC0134BC42E0D15046FFF726FC41
:101180007548FFF723FC5046FFF720FC7348FFF734
:101190001DFC07B0F0BCBB46B246A946A046F0BD58
:1011A0006F4B1B78012B00D1B7E0022B00D1B8E0C8
:1011B0006C4B10216C4A280008F066FF009B2A0047
:1011C0001B786A495BB2A342D1D15846FFF77CFC39
:1011D000D0E7019B1B78002B00D086E0644B1021E8
:1011E0002800614A08F050FF6249BAE7624B1B7859
:1011F000012B00D187E0022B00D196E0032B00D118
:1012000091E05E4B80E05E4B1B78002B73D1584B16
:1012100010212800544A08F037FF5A49A1E75A4BD9
:101220001B78002B65D1524B102128004E4A08F044
:101230002BFF564995E7564B1B78002B61D14C4B41
:1012400010212800484A08F01FFF524989E7524BF5
:10125000197818295FD88B00504A5B189B009B585F
:1012600010212800404A08F00FFF4D4979E74D4B07
:101270001B78002B43D1414B102128004A4A08F02B
:1012800003FF4A496DE74A4B1B78002B35D1384B99
:1012900010212800344A08F0F7FE464961E7464B22
:1012A000102128001B68454A08F0EEFE444958E723
:1012B000444B1B78002B1AD12D4B102128002A4AB1
:1012C00008F0E2FE40494CE70B270B2326E73F4B93
:1012D0001B78052B23D83E4A9B009B5810212800E1
:1012E000214A08F0D1FE3B493BE73B4B77E73A4BBD
:1012F000E3E7394B98E7384B8AE7374BC8E7374B7A
:10130000BAE7354B9CE7364B10212800164A08F007
:10131000BBFE344925E7344BA2E7344B49E7344B55
:10132000DCE7344B45E7344BEEE7344BECE7C046A3
:10133000CCAB00084CAF000884AF00081A1700209F
:10134000C316002010C5000814B00008F4AF000850
:10135000E4AF000814AF000820AD000858AD000845
:1013600019170020C8AD0008BCAF000830AF000856
:1013700088AD0008F8AE00080D0000209CAD000804
:101380000A000020C0AE00080B000020A4AE000838
:101390001817002088AE0008381B002078CE0008FF
:1013A0006CAE00080E000020D8AF000850AE000858
:1013B0000F00002034AE000810000020C8AF000865
:1013C00018AE000814000020FCAD00080C0000203E
:1013D000E8C70008E0AD000880AD000894AD000843
:1013E000A4AD0008DCAE000828AB0008D4AD0008AE
:1013F000BCAD0008D8AD0008B4AD0008ACAD000825
:10140000F0B54E46DE4645465746E0B59FB0FFF77D
:1014100051FC624B624A98461B78914612789E1C9A
:10142000F6B252B2B24202DB4A46013313705D4D4E
:101430002800FFF7CBFA5C48FFF7C8FA2800FFF74F
:10144000C5FA5A48FFF7C2FA2800FFF7BFFA002E84
:101450004FD0574B00249A46564B9B46564B04930D
:10146000564B05935B46AB460393350029E0544B3E
:101470001F5D002F64D0534A534B944680227F0156
:10148000FB189B696744D200934200D37EE006AE0E
:10149000102130004D4A08F0F7FD4B461B785BB237
:1014A000A3425DD04A4A23005021019600970AA822
:1014B00008F0EAFD50460AA90134FFF705FBA542F2
:1014C00016DD43461B78A342D1DC4A46127852B25D
:1014D000A34247D094424DD0342203990AA808F081
:1014E000ABFE013450460AA9FFF7EEFAA542E8DC4C
:1014F0005D462800FFF76AFA0022364B3648197815
:10150000012901D19969521820338342F7D19305FB
:10151000990D1B0D5B18414609785B0A920A013947
:101520002E48FFF7D1FA2800FFF750FA2C48FFF7B2
:101530004DFA1FB0F0BCBB46B246A946A046F0BD6E
:1015400006210120274F06AE030000913000102134
:10155000254A08F099FD4B461B785BB2A342A1D106
:10156000224AA0E794420BD0342205990AA808F039
:1015700063FE9FE73C2204990AA808F05DFE99E704
:101580003C221B490AA808F057FE93E79905980AE0
:101590008B0D090DC918490AD5E7C046090200207C
:1015A000C3160020CCAB00082CB0000864B00008C3
:1015B00044BC00089CB1000860B100082CB10008D0
:1015C0000C02002001400108004001089CB0000806
:1015D000D4B000082040010800480108D0B100083C
:1015E0000CB2000830AB0008A4B00008B0B000088E
:1015F000F0B0000810B50A48FFF7E8F9094B1B786E
:10160000002B04D0012B08D0022B03D010BDFFF714
:10161000F9FCFBE7FFF7F4FEF8E7FFF75FFDF5E7FE
:10162000C0AB0008C4160020F0B5DE4657464E4653
:101630004546E0B54F4A504B116885B0994236D0C7
:101640000F239B460E3B9A46002398460233994649
:101650000023012701260125002001219C4601339A
:10166000102200925C46454A14705446444A177052
:10167000444A1670444A1570444A14704446444A19
:1016800014704C46434A14706446434A1470434AEB
:101690001070434A1170434A1370434B009A1A600A
:1016A00005B0F0BCBB46B246A946A046F0BD1379D2
:1016B00057799B46137A96799A46937AD5799946C3
:1016C000D37A547A9C46137B0193507B0290937B90
:1016D000190003931369526918008046009301981A
:1016E000254B434480465B44DB199B195B195344EB
:1016F0001B1902984B446344434480464344884644
:1017000043449A429CD15B46182B01D90F239B4638
:101710007B1E9F41731E9E416B1E9D415346FFB22F
:10172000F6B2EDB2032B01D901239A46631E9C4108
:10173000E3B298464B46052B01D9022399466146F0
:10174000022200238A425B416246019802995B4271
:101750001A40431E98414B1E9941039B94465A1EC2
:101760009341009AC0B2043AC9B2DBB23C2A00D815
:1017700078E775E700F80108042C07BF381B002044
:10178000140000200F0000200E0000200D0000209B
:101790001A1700200C00002019170020181700202D
:1017A0000B0000200A00002010000020F0B5574672
:1017B0004E464546DE460023E0B58DB006A9CB7304
:1017C0003B4B06933B4B1A783B4B93461A783B4B6B
:1017D00092461A783A4B91461A783A4B90461A78C4
:1017E000394B140052461F78384B00941E78384B02
:1017F0001D7813024A4610045A46134342460343D7
:101800001206134307933B02300423432A06034383
:101810001343274A089394462E4B1C782E4B0C7387
:10182000187848732D4B009A1B7801938B732C4BBF
:101830001B680B61634494465B445344019A4B44D8
:10184000434463449446DB199B195B191B19254CCF
:101850001B186344182220004B6108F085FC002807
:1018600006D10DB0F0BCBB46B246A946A046F0BDBD
:1018700004F03AFF002302A90293039303A8013363
:101880000494059304F0A6FE00280DD102AB9C46FB
:10189000154E164D664421003259002302200434AF
:1018A00004F074FFAC42F6D104F032FFD9E7C04631
:1018B000042C07BF381B0020140000200F0000205C
:1018C0000E0000200D0000201A1700200C00002040
:1018D00019170020181700200B0000200A00002014
:1018E0001000002000F801081008FEF718F80108A1
:1018F00002220B4B10B51A700023FF21094A0A4837
:1019000013700A4A13700A4A11700A4A7F39137019
:101910000122094B49011A70002205F03FF910BD60
:10192000391B0020C416002000080048C316002000
:1019300009000020C1160020C2160020F8B5424858
:10194000FFF744F84148FFF741F84148FFF73EF8F8
:101950004048FFF73BF84048FFF738F83F4B404816
:101960001978FFF7B1F83F4C3F4927003F4EE13768
:101970003F4DFF3732002800FFF7A6F821681434E6
:10198000A742F7D13B4A2800FFF79EF83A4B3B4865
:101990001978FFF799F83A4B3A481978FFF794F815
:1019A000394B1B68202B4DD047D80121082B03D081
:1019B000103B5A42534159003448FFF785F8344BE5
:1019C00034481978FFF780F8334B34481978FFF71B
:1019D0007BF8334B33481978FFF776F8324B3348AE
:1019E0001978FFF771F8324B32481978FFF76CF825
:1019F000314B32481978FFF767F8314B19780529D0
:101A000000D902212F48FFF75FF82F4B02221978E7
:101A100000238A425B415B4219402C48FFF754F88F
:101A20002B48FEF7D3FF2B48FEF7D0FF2A48FEF7DE
:101A3000CDFF2A48FEF7CAFFF8BD403B5A4253414A
:101A40009900B9E70321B7E750B2000864B2000873
:101A500084B20008A4B20008C8B20008381B0020F5
:101A6000E8B200088CCE000848B2000890B3000825
:101A700010B3000828C000080D00002018B30008AB
:101A80001400002058B300081000002094B3000890
:101A90000F000020E0B300080E0000201CB4000876
:101AA0001817002054B400080B0000208CB4000864
:101AB0000A000020C8B400081A17002000B500086A
:101AC0000C00002038B5000819170020A0B5000848
:101AD000D8B50008FCB5000820B6000840B60008DC
:101AE000224BF0B5D969224B22489C4661444B42B7
:101AF0005941214B83B0C9B21A78012A01D1013171
:101B0000C9B220338342F7D100221B4B194C1878FD
:101B1000012801D1986912182033A342F7D1B023CC
:101B200016481B02FEF7D0FF15481649FEF7CCFFFA
:101B30000125114C144F0F4E03E020340135B442FF
:101B40000ED02378012BF8D1A369617C621C00912F
:101B5000380029002034FEF7B7FF0135B442F0D138
:101B60000A48FEF733FF03B0F0BDC046004001084D
:101B7000FFFE3F4000480108204001084CB6000825
:101B800064B600087706000088B60008A4B600080E
:101B900010B5A0B03022002114A808F0F3FA1022EA
:101BA000002102A808F0EEFA1C2200210CA808F07F
:101BB000E9FA1822002106A808F0E4FA32231024DA
:101BC000139313A8313B16931B93189317941994EE
:101BD00005F0F6FF072300240121029302A8043B2D
:101BE00003930494059406F011FB80230CA89B0238
:101BF0000C93129405F004FF8022A0210020D2054E
:101C0000C90406F091FA80210C4B0905DA6906A88F
:101C10000A43DA61DB6922220B400193019B802396
:101C20009B050793064B06940993202308940A9278
:101C30000B9305F09BFF20B010BDC0460010024082
:101C40007FBB000030B587B014220021684608F041
:101C500099FA8021154D01222800C90004F09EFF49
:101C6000802128000122090104F098FFFF220024AE
:101C70000023694612020E4800920193029404F078
:101C8000E7FDC022002369462800920000920193DC
:101C9000029404F0DDFD0023064A694606480092DE
:101CA0000193029404F0D4FD07B030BD0008004851
:101CB00000040048FFFF00000010004830B583B06A
:101CC000FFF774FD80250022364B374C1A70ED006B
:101CD000364B200029001A6004F060FFA562344CE6
:101CE0002278182A53D8930032499B189B005958E0
:101CF0003148FEF7E9FE314B1B78002B10D0304BFA
:101D00001B78012B4CD0022B43D12E492E4B1B7834
:101D1000052B43D82D4A9B009A582D48FEF7D4FE38
:101D2000FFF790FFFA239B000193019B5A1E01923B
:101D3000002BFAD1802100222648C900019B04F023
:101D40002DFFFA239B000093009B5A1E0092002B4C
:101D5000FAD12078009BFEF7ABFD802100224901DB
:101D60001C4804F01BFF0A2006F02CFB8025802174
:101D70000D4CED0001221748490104F00FFF00222D
:101D80002900200004F00AFFA56203B030BD12490B
:101D9000AEE70D4B11491B78052BBBD9104ABCE7A8
:101DA0001049B3E7391B002000140048D01600206A
:101DB000381B002078CE0008B0B600081A170020A3
:101DC00019170020D8AD00080C000020E8C7000853
:101DD000ECB600080008004828AB0008C8AD0008B1
:101DE000BCAD0008D4AD000870B50D0001268021FF
:101DF0001B4A03041B0C82B05361020C04003240E6
:101E00001848490004F0CAFE8021620C154832408F
:101E1000890004F0C3FEFF21134B2D025A691148BB
:101E200011402943596180210022090104F0B6FEC6
:101E30000A230193019B5A1E0192002BFAD18021A3
:101E4000012208480901019B04F0A8FE0A2300931F
:101E5000009B5A1E0092002BFAD1009B02B070BD6D
:101E600000100048000800480004004830B58021F8
:101E700001251D4A03041B0C85B05361020C0400AC
:101E80002A401A48490004F089FE8021620C174854
:101E90002A40890004F082FE0A230393039B5A1E02
:101EA0000392002BFAD1802100221048C900039B25
:101EB00004F074FE0A230293029B5A1E0292002B26
:101EC000FAD16A468021029B094BD41D1B69074841
:101ED0001B0ADBB2D371C900012204F05FFE207837
:101EE000C0B205B030BDC046001000480008004830
:101EF00000040048F8B50E0005004027224C234A94
:101F00002368AA211B041B0C134323602048FFF7FE
:101F10006BFF55211F48FFF767FFA0211C48FFF703
:101F200063FF31002800FFF75FFF23681A4E1B0490
:101F30001B0C23602800FFF799FF04002800FFF71F
:101F400095FF444027420FD0013E002EF2D12800D9
:101F5000FFF78CFF04002800FFF788FF604007426E
:101F60000FD001267642E5E72800FFF77FFF040047
:101F70002800FFF77BFF4440274202D0013E002E9D
:101F8000D8D10020F8BDC0460004004800005555D7
:101F900055550000AA2A000050C3000070B5402625
:101FA000264C274A2368AA211B041B0C13432360D9
:101FB0002448FFF719FF55212348FFF715FF80211B
:101FC0002048FFF711FFAA211E48FFF70DFF5521FA
:101FD0001D48FFF709FF10211A48FFF705FF236886
:101FE0001A4D1B041B0C23600A20FFF73FFF04005F
:101FF0000A20FFF73BFF444026420FD0013D002D51
:10200000F2D10A20FFF732FF04000A20FFF72EFF6B
:10201000604006420FD001256D42E5E70A20FFF738
:1020200025FF04000A20FFF721FF4440264202D08A
:10203000013D002DD8D1002070BDC04600040048ED
:102040000000555555550000AA2A0000404B4C0091
:10205000D0B586B014220021684608F093F880219C
:10206000154C01222000C90004F098FD80212000B9
:102070000122090104F092FDC0220123002601275C
:10208000694620009200009201930296039704F0A3
:10209000DFFB0123094A6946094800920193029631
:1020A000039704F0D5FB0749074A0B681B041B0C78
:1020B00013430B6006B0D0BD00080048FFFF0000CE
:1020C000001000480004004800005555F0B5DE46F9
:1020D00057464E464546E0B5CFB08B460390049236
:1020E000002901D1002081E10123D14A05E001331B
:1020F000DBB22032402B00D18BE11178FF29F6D1E1
:102100005BB2059300250320C94BCA4902E0203386
:102110008B420DD01A78012AF9D15A699C6912199B
:10212000033282439542F2D2203315008B42F1D123
:102130005B46B0225B191202934200D8C3E0002034
:10214000BB4BBC491A78012A01D19A698018203307
:102150008B42F7D1B02358441B029842C2D8B648EC
:10216000FEF734FC802300259B029A46B34B0FAC4C
:10217000A946012625000193029403E001360435A7
:10218000402E34D0AE4B7201D7183B78012BF5D1DD
:10219000AC49BB698C46019862443100FEF794FC5F
:1021A0004B46A44A2B6090467B6900249844FFF775
:1021B0004FFFBB69002B0FD02B004546B04656465B
:1021C0009A46295D3019FFF795FEBB690134A34299
:1021D000F7D85546B24646460322BB6901369A44B3
:1021E000BB690435033393439944402ECAD19648C2
:1021F000029CFEF7EBFB04F077FA00230022099320
:102200008C4B09A90A920B9316230AA80C9304F08D
:10221000E1F94EAB984680239B024D4601935B4605
:10222000834F0695079303E004342037444540D09C
:102230003B78012BF8D1FFF705FD80210022834870
:10224000C90004F0ABFC7B4A236891469944BB6902
:102250000022002B23D07E4BA2469B464B46B9461C
:10226000170002933D00002400264B469B69FF2087
:102270009D4200D2F4E0A040083406430135202CF2
:10228000F3D1029B3200D9190220002304F07EFA18
:102290004B469B690437BB42E4D84F465446019AEB
:1022A000BB6994469C4463460434019320374445FB
:1022B000BED1079B069D9B4604F02AFA6548FEF7AF
:1022C00085FBFEF76FFD5B4B634C9A46AA44534671
:1022D0005C446419DB0AE40ADB02E402E41AE40A5F
:1022E000994604F001FA002C00D1C6E08027E402F0
:1022F000A0462B003F014F44B84445463E004946A6
:1023000098460EAC0B0002E004339E420CD01A68D3
:102310000132F9D000230A93236001336160200069
:10232000A3600AA904F056F980231B019C46664469
:102330003900B54201D06744E4E74546FFF782FC27
:10234000802100224148C90004F028FC002398465F
:102350003F4B0195994623005C469B464646002527
:102360000027FF20A64248D3A8400835074301367E
:10237000202DF6D15146002341443A00022004F0BA
:1023800005FA04239C46E04400264445E6D85B4613
:10239000A3461C000123237008AB9C4619200F2282
:1023A00060440399019D07F006FF049B3422637487
:1023B0005B46A361294B267466826561E661DA603B
:1023C000059B16AE5D011E4B2D1B9C466544226885
:1023D000291900230220043404F0D8F9A642F6D1CA
:1023E00004F096F9FEF766FC6B46187D4FB0F0BC22
:1023F000BB46B246A946A046F0BDFFF729FE4B46B4
:102400004A461B6830001B041B0C1360FFF72EFDAF
:10241000AAE7FEF7C7FC0123054A05E00133DBB25A
:102420002032402B00D15DE61178FF29F6D167E616
:10243000204001080048010820B7000864B70008E0
:10244000004001080140010890B70008000800485A
:1024500000040048ACB70008FF4F0108002002400C
:10246000FFF7F6FD5B465A461B681B041B0C136006
:10247000019BE818FFF7FAFCFDE60EAC5EE7C046EC
:10248000F0B54E464546DE465746E0B587B01C00DF
:1024900010AB1B780E008046111E019300D1FBE0AB
:1024A00032008148FEF710FB802100227F4849015D
:1024B00004F074FB80210122C9007D4804F06EFB0A
:1024C0007C48FEF783FAFFF7C3FDFFF767FD7A4804
:1024D000FEF77CFA04AB9A465146784B1A68049290
:1024E0009A888A809B798B71002C2ED08023B51D11
:1024F000DB029D4200D97EE0092D29D90A2128005E
:10250000FDF702FE814653469B1B9B466C4B64279E
:102510000093330000244E46994611E04346195D6E
:1025200020000134FFF7E6FC31002000FDF772FEC9
:10253000002967D0AC4200D173E06437AC426ED260
:10254000A145EBD85B46195DEAE73500092DD5D8E2
:10255000002D00D0A5E05B48FEF738FA5A48FEF798
:1025600035FA5A48FEF732FA019B0125002B00D1BB
:102570008EE05748FEF72AFA802100224C48C90015
:1025800004F00CFBFFF75EFBFA239B000393039B15
:102590005A1E0392002BFAD1802100224348C90021
:1025A000039B04F0FBFAFA239B000293029C631E38
:1025B0000293002CFAD18021002249013B48029B62
:1025C00004F0ECFA0A2005F0FDFE802101223748D4
:1025D000490104F0E3FA3F4B1C703F4B1C703F4B2A
:1025E0001C703F4B1C70280007B0F0BCBB46B246C5
:1025F000A946A046F0BD0A213000FDF785FD350053
:10260000814680E729003800FDF77EFD2B000100A0
:1026100022000098FEF758FA6437AC4290D34E4639
:102620000BE029003800FDF76FFD254C01002B0061
:102630002A0020004E46FEF747FA2248FEF7C6F968
:1026400053469B1B00249A460AE0434620001F5D28
:10265000FFF70CFC87420CD10134AC4200D17DE77E
:10266000A642F2D8534620001F5DFFF7FFFB8742CA
:10267000F2D01C4D03003A0028002100FEF724FA96
:102680001248FEF7A3F9019B0025002B00D070E74C
:102690001548FEF79BF9A6E731001448FEF714FA37
:1026A00002E7012399462EE7F0B70008000800482A
:1026B000001400482CB800083CB8000894AD00088D
:1026C00044B800086CB80008B8B80008C0B80008E2
:1026D000ECB80008D5160020D4160020371B0020C7
:1026E000391B002080B8000808B9000810B800089D
:1026F00000B5114883B0FEF769F91049104B09780D
:102700001B78104A009110481049FFF7B9FE0023CA
:102710000F4A13700F4A13600F4A13600F4A136079
:102720000F4A13700F4A13800F4A138000220F4B79
:102730001A7003B000BDC04638B900080F00002071
:102740000E00002068B9000800C8000877060000E5
:102750005502002068020020640200205C02002074
:10276000540200206E0200206C0200204D02002066
:1027700010B582B0002809D03F2805D80E4B400183
:10278000C3181A78012A06D002B010BDFFF7B0FFB7
:10279000FFF794FAF8E7094A996982185C690848D2
:1027A000084B2018084C1B7824780094FFF768FE2B
:1027B000FFF784FAE8E7C04600400108014001083D
:1027C000004801080E0000200F00002010B52E4820
:1027D0008AB0FEF7FBF8AE2385212C4C9B00E05815
:1027E0002B4A89004358002B49D100230193019BB8
:1027F000284A934205DC019B01330193019B9342DC
:10280000F9DD200006F054FD200006F02DFD8021AA
:10281000214B89025A6906A80A435A615B690C2256
:102820000B4002930021029B07F0ACFC8022902019
:102830000123520104A9C0050492059304F008F88D
:102840008021902000224901C00504F0A7F900234F
:102850000393039B114A934205DC039B01330393CB
:10286000039B9342F9DD0E4B0E4A1A60BFF34F8F64
:102870000D4B0E4ADA60BFF34F8FC046FDE7013AB9
:10288000002AAFD1B1E7C04680B90008A81B0020DC
:10289000400D03001FA10700001002403F420F003F
:1028A000F03F0020EFBEADDE00ED00E00400FA05D1
:1028B00070B5764D04002B78002B05D1052807D87C
:1028C000734B84001B599F46012B02D0022B27D04B
:1028D00070BD0C28FCD86F4B84001B599F46FEF737
:1028E000A3FEFFF7EBF9F3E7022300222B706A4BFC
:1028F0001A706A4B01321A70EAE700210122664B16
:102900002A701970654B1A70E2E76548FEF75EF8A9
:10291000FFF7EEFEDCE7FEF749FFFFF7CFF9D7E759
:10292000FEF7C8F95F4B1B78A3420AD87DD000237D
:10293000594A2B7013700122584B1A70C8E7FFF7E1
:1029400045FF594B185DFFF713FFC1E7574B1B7845
:10295000002B44D0564C2078002900DC8FE0062163
:102960000130FDF741FD2170B2E7504A137859421A
:102970004B411370ACE74F4A137800295EDD032109
:1029800001330B401370A3E74B4A137859424B4174
:1029900013709DE7494A137859424B41137097E7EA
:1029A000474A137859424B41137091E7454B1878C9
:1029B000002948DD19210130FDF716FDC8B2FDF7E9
:1029C00077FF85E7404A137859424B4113707FE700
:1029D0003E4A137859424B41137079E70023012294
:1029E0002B702D4B1A702D4B1A7071E7384C2078D4
:1029F00000291DDD03210130FDF7F6FC217067E79A
:102A0000344A137859424B41137061E7324A1368D4
:102A1000002920DD042B29D0082B2DD0102B28D005
:102A2000202B20D00423136052E7FEF7B7FA4FE7BC
:102A300003210230FDF7D8FC217049E7032103335D
:102A40000B40137044E719211830FDF7CDFCC8B2D4
:102A5000FDF72EFF3CE7402B0BD0202B0CD0102B8A
:102A600004D0082BDED04023136031E70823136025
:102A70002EE7202313602BE71023136028E706219D
:102A80000530FDF7B1FC217022E7C046C4160020D6
:102A900044C500085CC50008C3160020C21600200B
:102AA000B4B90008090200200C0200201A17002007
:102AB0000C0000200D0000200A0000200B00002068
:102AC00018170020381B00200E00002014000020E2
:102AD000191700200F0000201000002070B590266C
:102AE00004000125F605C2098021300004F056F8E3
:102AF000A20930002A40402104F050F86209300059
:102B00002A40202104F04AF8220930002A401021EE
:102B100004F044F8E20830002A40082104F03EF8AE
:102B2000A20830002A40042104F038F8620830007E
:102B30002A40022104F032F82A003000012122400C
:102B400004F02CF870BDC04610B5022800D010BDAE
:102B500000228021104804F021F8104B104A197807
:102B60001278914203D100220E4B1A70EFE71A78C7
:102B70000D49D2B2885C3F221978C0B201310A40B7
:102B80001A70FFF7ABFF01228021034804F006F81A
:102B90000122044B1A70DAE700080048D51600201D
:102BA000D4160020371B0020D8160020F0B5574659
:102BB0004E46DE464546E0B507000E0095B00429B6
:102BC00006D90522C24907F0E5FA002800D152E1F2
:102BD00031003800BF4AFDF7CFFD002800D03AE1B0
:102BE00031003800BC4AFDF7C7FD002800D032E1B3
:102BF00031003800B94AFDF7E3FD002800D036E186
:102C000031003800B64AFDF7DBFD002800D02EE188
:102C100031003800B34AFDF7D3FD002800D026E18B
:102C200031003800B04AFDF7CBFD002800D02AE182
:102C300031003800AD4AFDF7C3FD002800D01EE189
:102C400031003800AA4AFDF7BBFD002800D016E18C
:102C5000082E2CD931003800A64AFDF78DFD00283A
:102C600000D083E1092E00D19AE131003800A24A58
:102C7000FDF782FD002800D0D8E1310038009F4ADE
:102C8000FDF77AFD002800D092E1112E07D931001E
:102C900038009B4AFDF770FD002800D0F6E13100B6
:102CA0003800984AFDF768FD002800D09AE131000D
:102CB0003800954AFDF784FD002800D004E131007A
:102CC0003800924AFDF77CFD002800D0FCE031007E
:102CD00038008F4AFDF774FD002800D0BBE03100BA
:102CE00038008C4AFDF76CFD002800D0B3E03100BD
:102CF0003800894AFDF740FD002800D0AFE13100DF
:102D00003800864AFDF738FD002800D0A7E1052EDF
:102D100022D931003800824AFDF72EFD002814D058
:102D20007B7900241A00303A791D092A0AD8A200BA
:102D3000121952000131D4180B78303C1A00303A85
:102D4000092AF4D93D2B00D1F7E131003800754A4A
:102D5000FDF712FD00285DD131003800724AFDF701
:102D60002FFD002800D0C0E1310038006F4AFDF788
:102D700027FD002800D0B8E1310038006C4AFDF78B
:102D80001FFD002800D0CFE131003800694AFDF76F
:102D900017FD002800D0C7E131003800664AFDF772
:102DA0000FFD002800D0F6E131003800634AFDF73E
:102DB00007FD041E00D0EEE1614D2B789946002BF3
:102DC00000D0F6E15F4B1B78002B01D100F0C8FE6C
:102DD0005D4B1B68B34201D900F0C2FE5B4B1B7810
:102DE000002B01D100F0B1FEB0460026B844B84532
:102DF00001D100F075FE402E01D100F075FE3C7847
:102E00002000FDF7A3FC002802D004AB9C5501363E
:102E10000137ECE77A79791D1300303B092B01D992
:102E200000F042FE0024A3001B195B0001319B1837
:102E30000A78303B1C001300303B092BF3D92100EA
:102E40004348FDF741FE1E2C15D01F2C01D100F088
:102E500082FF202C02D101223E4B1A700124200057
:102E600015B0F0BCBB46B246A946A046F0BD012253
:102E7000394B1A70F2E70122384B1A70EEE7012243
:102E8000374B1A70EAE70122364B1A70E6E72378CF
:102E9000022B01D100F01EFC2378062B00D1D0E3D9
:102EA0002378032B00D1B2E32378042BD6D1002E54
:102EB000D4D03B78202B07D000D9A1E30D2B03D031
:102EC0001B2BC8D00A2BC9D10122274B1A70C5E78A
:102ED000DCB90008E4B90008ECB90008F4B900084E
:102EE000FCB90008E0B9000808BA000810BA0008E8
:102EF00018BA000824BA000830BA00083CBA000822
:102F000048BA000868BA000874BA00087CBA000819
:102F100088BA000890BA00089CBA0008A4BA000851
:102F2000ACBA0008C8BA0008E0BA0008E8BA00085D
:102F3000F0BA0008F8BA000800BB000808BB000897
:102F4000391B00201400002010000020181700205A
:102F5000D0BA0008941600203A1B002095160020D5
:102F6000921600209316002096160020797A3800D9
:102F70000B00303B0930092B00D9C7E000231A00B1
:102F800093009B185B0001305A180178303A0B000F
:102F9000303B092BF4D91300C54A5BB213705DE7CF
:102FA00009213800C34AFDF7E7FB002800D176E687
:102FB000797A38000B00303B0930092B00D9B1E099
:102FC00000231A0093009B185B0001305A18017807
:102FD000303A0B00303B092BF4D91300B64A5BB2F0
:102FE00013703BE73A007B7A0932002B73D0002044
:102FF000B24C0FE00A2B0FD00F280FD01900203948
:103000005E2903D83B2B01D0235401305378013281
:10301000002B01D00D2BEDD100285DD00023012223
:103020002354A74B1A70A74B1A7017E7B97A3800C8
:103030000B00303B0A30092B7DD800231A00930087
:103040009B185B0001305A180178303A0B00303B76
:10305000092BF4D913009C4A5BB21370FEE60222DE
:103060009A4BFF211A700023994A9A4813709A4A82
:1030700013709A4A11709A4A802113700122994B59
:1030800049011A70002203F089FDE7E63A00BB7C93
:103090001232002B3CD00020884C0FE00A2B0FD0BE
:1030A0000F280FD0190020395E2903D83B2B01D0FF
:1030B0002354013053780132002B01D00D2BEDD178
:1030C000002826D00023022223547D4B1A707D4B0A
:1030D000013A1A70C2E6794C10222000824907F0AA
:1030E0006AF82000FDF7CAFA98E7804B1B78172B87
:1030F00000D9B3E60133D8B2FDF7DAFB01227C4BED
:103100001A7005F059F97B4B1860A7E6002343E7D6
:103110006A4C10222000744907F04DF82000FDF79A
:10312000ADFACFE7002359E7704B1B78002B00D195
:1031300094E6013BDFE700238DE700250A220131F9
:1031400003E05543303D5D1901310B7818003038EC
:103150000928F6D923000A3B0B2B0FD8664A9B009F
:10316000D3589F46654B1A6804921B7904AA1371C1
:1031700004239D4200D8535D614A136001225C4BD9
:103180001A7005F019F95B4B2A00186021005D48A0
:10319000FDF79AFC62E6554B1978182901D900F021
:1031A000DFFD14224A43584BD1585848FDF78CFC98
:1031B00054E6022B00D103E1032B00D1C0E0012B28
:1031C00000D04BE605F0F8F80122514B1860514B46
:1031D0001A70514A13689B191360504B1B78002BCF
:1031E00030D02300B0464C4600269946B844B84536
:1031F00055D0402E22D03D782800FDF7A7FA0028B0
:1032000002D004AB9D5501360137F0E72A00511E6C
:103210008A41434B1A70B1E72A00511E8A413F4B45
:103220001A70ABE72A00511E8A413E4B1A70A5E77F
:103230002A00511E8A413C4B1A709FE74B46A1461B
:103240001C0004AF394B9A461B78002B00D175E166
:103250008021BB19C9028C46C8469B463A003448B7
:10326000344D354F354E0194934500D152E13968C4
:10327000614512D201882B8801318905890D8B4265
:103280000BD003889BB2994613789A464B46544616
:10329000F45401803968013139600132E4E74B466A
:1032A000A1461C00002E01D14C46D8E504AFC9E769
:1032B000030000203CBA0008010000208016002016
:1032C000901600209116002002000020391B0020DB
:1032D000C416002000080048C31600200900002082
:1032E000C1160020C21600205CBA0008381B00205E
:1032F000CC160020C816002090C500085CBB000852
:1033000010000020B4BA000878CE000810BB0008F6
:1033100058020020550200206002002018170020EB
:103320000B0000200E0000200F000020540200209F
:103330006E0200206C020020640200207002002057
:10334000C14C2378002B00D0A1E5BB190193BF4BE2
:1033500000219B4608239946183398465B463A005D
:103360008A46BB4E02940393019B934200D1BFE077
:1033700013781B2B00D1A9E00D2B00D19AE00A2B6A
:1033800000D197E0082B7ED07F2B7CD01F00203F00
:103390005E2F51D8307884460E284DD86446471C9D
:1033A000AA48FFB203558346002084465846644627
:1033B0003770C4553F293FD804A84F1C43543CE004
:1033C000A44B1A78002A32D1002E00D146E5A24C37
:1033D0002378002B29D0012B20D00622022B16D0D7
:1033E00000203B78012E08D03B5C202B01D0092B1C
:1033F00026D101308642F7D130E5202BF4D10022CE
:10340000964B9A56964B1A70964B1E7026E5FDF712
:1034100051FC954B1A780232D2B2E1E7934B0B2262
:103420001B78002BDCD00232DAE70622D8E7012233
:1034300018708F4B1A7011E50F003900013293E7B5
:10344000864200D80AE53B1898463B5C1B2B00D10E
:10345000A1E12578002D00D08FE1352B00D9C4E201
:10346000302B00D859E104F0A7FF824B7B4A18604B
:1034700043461B78313B5BB21370794A13700122CB
:10348000784B1A70EAE43378002BD5D0574603986E
:10349000013BDBB2C754CF1C33703F2FCCD848461A
:1034A00004AB58540B0004A98C4641466344597040
:1034B0009870C2E7664D029C2B78644E002B0DD0AD
:1034C00000222B78F25401232370C7E40223624ABE
:1034D0002B7013700122664B1A70BFE410226649EC
:1034E000300006F068FE3000FDF7C8F82870E7E706
:1034F000002900D1B2E4AE22604B92009A58852395
:103500009B00D358002B00D0A8E489B204A806F091
:1035100061FBA3E402882B88C146019C9A423CD3FC
:1035200003882A889B1A9BB2554AD31A9BB27F2BD9
:1035300000D9B9E60122534B1A7090E4524B1A6835
:103540009846802392195B019A4246D942461268F6
:103550009D1A93422FD1524601231370BA199146F6
:10356000A2467D1949494A4F4A4E4B48A9451DD0AC
:103570000B883A8801339B059B0D9A420BD00A8831
:1035800092B294462A78904662464446B4540B80E0
:103590000368013303600135E8E78021C9008C46E8
:1035A00003882A8863449B1A9BB2BDE70122354BEE
:1035B00054461A7053E443461868384B2A00C01822
:1035C000390006F039FE434642461B685B1913601A
:1035D000314A13685B191360BDE7434618682F4BE7
:1035E0003200C018390006F027FE434642461B68E9
:1035F0004C469B191360284A13689B1913602EE4EC
:1036000020229343432B00D028E4FFF724FC002E14
:1036100001D1FFF723FC3B784E2B00D1A5E000D869
:1036200095E06E2B00D1A0E020229343592B01D0CE
:10363000FFF714FC01221A4B1A701A4B1A70FFF78D
:103640000DFC0022202141E0C0160020B016002011
:10365000AC16002099160020C4160020C3160020C6
:103660000900002008000020090200201A1700208D
:10367000C2160020040200205CBA0008A81B00202B
:10368000FF0300003C260020680200206E0200209C
:103690006C020020700200206402002070060020EE
:1036A0009716002098160020BB5C1B2B00D10DE75D
:1036B000302B00D10AE718008843512800D105E7D4
:1036C000180031380132082800D866E1B242EBD147
:1036D000FFF7C4FB04F070FED64BD74A186013689E
:1036E000B1469B191360D54B80269846D44CB944FB
:1036F000F602B94501D1FFF7B1FB43461B783D788F
:10370000002B04D02800FDF721F8002803D0206802
:10371000B04200D277E10137EBE7082B00D160E13E
:10372000302B00D15DE10D2B00D148E10A2B00D1F7
:1037300045E1202B01D0FFF791FB0022C14B9A56A7
:10374000C14B1A700122C14B1A70FFF787FB0A3B6D
:10375000DBB2162B01D9FFF781FBBD4ADA4013001B
:10376000DB0700D566E7FFF779FB0022B94B1A703B
:10377000B94B01321A70FFF771FB012D00D1BCE08B
:10378000022DD0D11A00083AD2B2772ACBD8B34949
:1037900092008A589746831CB34205D24146497825
:1037A0005B291AD04F2918D02378013B012B00D870
:1037B000A0E00122AA4B1A70FFF750FBA14BA94AC7
:1037C0001B7812785BB2934201DBFFF747FBA64AF6
:1037D000D256A64B1A70FFF741FBF95C3339C9B2D8
:1037E0001129E1D8A24B89005B589F46954B9D4A11
:1037F0001B7812785BB2934201DBFFF72FFB9A4AEA
:10380000D2569C4B1A70FFF729FB01229A4B1A7073
:10381000FFF724FB934A303B1278DBB29A4201D87F
:10382000FFF71CFB874A13700122944B1A70FFF7B5
:1038300015FB0330B042B7D23B5C7E2BB4D123786A
:10384000022B01D0FFF70AFB7E4B864A1B781278C9
:103850005BB2934201DBFFF701FB834AD35C002B91
:1038600001D1FFF7FBFA864A5BB21370FFF7F6FA55
:103870002378012B01D0FFF7F1FA724B013A1B7844
:103880005BB2934201DBFFF7E9FA6F4A1370FF2244
:103890006E4B1A70FFF7E2FA2378012B01D0FFF785
:1038A000DDFA6849013A097849B2914201DBFFF734
:1038B000D5FA654A1170654A1370FFF7CFFA61496E
:1038C0000B7801335BB2934200DB002301220B70C3
:1038D0006A4B1A70FFF7C2FA5A490B78013B58B28B
:1038E0001B0601D5501E40B20122644B08701A70AD
:1038F000FFF7B4FA0023237094E71A00313A082A3C
:103900003BD92022190091430A0041292CD05D495E
:103910000978002908D0542A00D17FE02822190014
:1039200091430A00432975D0512B07D00FD8302B73
:1039300004D0422B02D0082B00D0F4E60023012251
:103940002370404B1A704D4B1A70FFF787FA623B99
:10395000DBB21D2B01D9FFF781FA4B4ADA40130085
:10396000DB07EBD4FFF77AFA364B383A1A70364B4E
:103970001A70364B1D70FFF771FA04F01DFD434BB2
:10398000304A186043461B78313B5BB213702E4AB5
:1039900013702E4B1D70FFF761FA303BDBB296427D
:1039A00008D9BA5C303AD2B2092A03D80A214B436B
:1039B0009B18DBB2364A5BB21370FFF74FFA04F084
:1039C000FBFC324B1B68C01A642801D8FFF746FA8B
:1039D000B3E6623BDAB22C4BD340DB0701D4FFF7EE
:1039E0003DFA0522174B1A70AAE65AB2002A01DAEC
:1039F000FFF734FA612BECD8422BF2D0512B01D0D7
:103A0000FFF72CFAEDE7431C290023600137FEF78E
:103A100071FA6EE60B4B383A1A7091E6094B4A3A46
:103A20001A708DE6052D01D9FFF7A8FB194B1D7003
:103A3000FFF7A4FBA0160020A41600200B00002016
:103A4000A8160020C316002009000020080000204E
:103A5000090040009716002098160020C0C50008F5
:103A6000C1160020090200200C02002005000020E1
:103A7000A0C70008060000209A160020C2160020E9
:103A8000070000201A1700200180002004020020F7
:103A9000040000200C000020022D01D9FFF76EFB6E
:103AA000B14B1D70FFF76AFB0021B048FDF70CF821
:103AB000FFF7D4F92A00511E8A41AD4B1A70FFF767
:103AC0005DFB0322AB4B2A401A70FFF757FB182D02
:103AD00001D9FFF753FBE8B2FCF7EAFEFFF74EFB14
:103AE000002E01D1FFF7BAF904AB984601278021D7
:103AF0003A00A148C9002F7003F050F8802100223D
:103B000049019E4803F04AF800239D4C9D4D9E4A72
:103B100023602B6013609D4A17709D4A13709D4A65
:103B200013809D4A13809D4A137004F045FC9C4B02
:103B30003200186041469B4806F07EFB9A4826609A
:103B40002E60FCF743FFFFF789F9402E00D940268D
:103B500004AB320039001800984606F06DFBC5E74B
:103B6000844B1B78012B00D19CE0022B00D185E017
:103B7000032B65D08D4B1B78002B07D07A4B1B781D
:103B8000002B00D0BEE0012E00D1A1E0884B894976
:103B90001B7800200193BB1903933F239B46864B60
:103BA00001269A46854BD44699460A238A4698466A
:103BB0003A000C78824F039B93421AD0019B1578F0
:103BC000002B05D00D2D4AD00A2D44D00024300002
:103BD00059463B7801330B4061460978029399427C
:103BE00005D04B463978C9B25D54029B3B70013217
:103BF000E1E75146002800D00C70724C2378002B6E
:103C000001D0FFF72BF96C4A6D4B11781B78994264
:103C100001D1FFF723F913786849DBB2C85C3F2173
:103C20001378C0B201330B401370FEF757FF012227
:103C30008021524802F0B2FF01232370FFF70EF9F2
:103C4000012E97D13B782B2B10D02D2B92D1FCF746
:103C5000F9FFFFF703F9002C0CD10120B8E7300081
:103C600034004546B4E7FB787E2B83D1FCF7B2FFE6
:103C7000FFF7F4F80024012001329CE7032E00D066
:103C800078E73B781B2B00D074E77B785B2B02D066
:103C90004F2B00D06EE7BB78412BE7D0422B00D0F2
:103CA00068E7D4E7042E00D064E73B781B2B00D0F4
:103CB00060E77B785B2B00D05CE7BB78352BD2D0FC
:103CC000362B00D056E7FB787E2B00D052E7BEE7BC
:103CD0003B78202B00D059E704AA11003A4B31CB96
:103CE00031C131CB31C1394B64211B78052B01D84F
:103CF0009B00995872B6364A13685B18136062B617
:103D0000FFF7ACF8012B07D1012E00D03EE73B783E
:103D1000092B00D03AE7DFE7022B00D036E7012E6F
:103D200000D033E73B780D2BD6D00A2B00D02DE7FF
:103D3000D2E72A00511E8A411C4B1A70254B187875
:103D4000FCF7B6FDFFF71AFA2A00511E8A41184BFC
:103D50001A70FFF713FA01221F4B1A70FFF77EF853
:103D60001E49FFF722FAC04619170020D0BA0008F2
:103D7000140000200D000020001400480008004836
:103D800068020020640200205C020020550200202E
:103D9000540200206E0200206C0200204D02002020
:103DA000580200207006002020BB00081A170020CF
:103DB0000A00002008020020D5160020D816002096
:103DC000D4160020371B002010AB00080C00002088
:103DD000D0160020381B00207D16002028AB0008DC
:103DE000F0B5DE4657464E464546E0B501269024DE
:103DF000C5B0FE4D02AF04F0C3FAAB693A193343C4
:103E0000AB61AB690321334013601300F84A1B68B0
:103E1000136889468B431360FDF7BAFE64231B19B0
:103E200014220021D81906F0ADF980226B699203A3
:103E300013436B616B69EF481340CC22B9180B60D8
:103E40000B0080221B686B69D20313436B616B69A3
:103E500000241340D022B9180B600B0080221B688D
:103E60006B69120313436B616B691340D422B91859
:103E70000B600B0080221B686B69920213436B611D
:103E80006B6992461340D822B9180B600B00802250
:103E90001B686B69D20213436B616B691340DC22B0
:103EA000B9180B600B0080221B686B695203134327
:103EB0006B616B691340E022B9188022D2009046F2
:103EC0000B600B00002241461B6802F067FE0122D6
:103ED000C949CA4802F062FE90200022FF21C005B5
:103EE00002F05CFE84210022C448490102F056FE23
:103EF000F423C34AF9180A60F8217A181460FC22E6
:103F0000B81804609020903B1A18D119BD4802F0EF
:103F10009FFCF4234046FA181060F821FC22902000
:103F20007918BA180E6014607A1C903BFF32146046
:103F30001A18D119AF4802F08BFCF4230222F918A9
:103F40000A60F821B0487918086083469020FA3258
:103F5000903BBA1816601A18D119A84802F078FCDC
:103F6000F4230420F9180860F821083379180E604A
:103F7000F9180C6049467A1CFF32983B8C3011606E
:103F80001918C9199D4802F063FCF4220823B918D6
:103F90000B60594690200432BA18F4331160F918B6
:103FA000983B0C601918C919944802F051FCF4238D
:103FB000FF21FA18116007397A181660FC22902048
:103FC000BA1814607A1C903BFF3216601A189020C1
:103FD000D119C00502F03CFCF4231020F821FA1896
:103FE000106008337A18834614608030FA18983BC2
:103FF00016601A18D119814802F02AFCF4226023B5
:10400000F821BA1813607A181460902002229C33A9
:10401000F918983B0A601A18D119784802F018FC70
:10402000F4237749FA181160F8217A181460FC22F9
:104030009020903BBA1814601A18D119734802F0F6
:1040400007FCF4238421FA1849011160F82190201B
:104050000833FA1879180E6014607A1C983BFF3206
:1040600014601A18D119654802F0F2FBC023F4223B
:104070009B00BA18F8211360FC23902079180C607B
:10408000F918983B0C601918C9195C4802F0E0FB5C
:104090008023F4225B00BA18F821136002227918F9
:1040A0000A604A469020043BF9180C60791CFF31E5
:1040B0000A60791D983BFF310C6019189020CA19CD
:1040C0001100C00502F0C4FBC023F4221B01BA1882
:1040D000F8211360FC23902079180E60F9180C6009
:1040E000791C983BFF310E601918CA19110043481A
:1040F00002F0AEFBF423FF21FA181160F822083316
:10410000BA18FB18146090201C6064231A18D11987
:104110003F4802F09DFB00220021052002F0FAF941
:10412000052002F021FA00220021062002F0F2F917
:10413000062002F019FA52466B69002113436B61A5
:104140006B6913409422B8180360036890236C20B5
:10415000C0180C22C01906F015F8F42180227B1833
:1041600052011A60902064231B189020043192465B
:104170007A181660D919C00502F06AFB9020002257
:104180005146C00502F00AFD642004F01BF990209E
:104190005146C00502F068FC05F0C6FC902054238F
:1041A0001B180C220021D81905F0ECFF194A1A4BF4
:1041B0000420136080235B029361C2235946FF33BE
:1041C000D3619E3B5061FF3B100093469160D454F5
:1041D000BA605460D46016611462946201F0D2FF38
:1041E000E4210A2379180B60514617E000100240C1
:1041F0000000014000140048040C000000080048C2
:10420000FFFF0000001000480000211000040048DB
:10421000000C00483C1B002000240140DE33FB184A
:104220001960EC234946FB189022196054239B180F
:10423000D919584602F0DCF88022AB691201134309
:10424000AB61AB69D0481340C822B9180B600B00B2
:10425000E0221B68CD4BFF321C609A62783AFF3A2D
:10426000DE625E639A61802212021E625A648022BC
:1042700041461A607F3A02F091FC502004F0A2F807
:1042800000224146C04802F089FCC14B1C70BB674C
:10429000C04B1C609A46C04B1C607B63BF4B1C60CC
:1042A0009B46BF4B1C70FB60BE4B1C60FDF7CAFCFD
:1042B000FA23A4229B00BA181360A4217B181B6860
:1042C00079185A1E0A60002BF7D10B0080210022BA
:1042D000B548C9001B6802F061FCFA23A0229B00CC
:1042E000BA181360A022BB181C68BA18631E1360AA
:1042F000002CF7D180211300AB48012249011B6833
:1043000002F04CFC8021A048C900002202F046FCCB
:104310008C22A64BBA1813601C70FDF785F9FCF7C8
:10432000F9FDA34B1878BB64FCF7C2FA10219E4834
:1043300002F02EFC9F4BA04ABB65187043425841C7
:10434000FA66107004F038F89C4B18607B659C4B43
:104350001C603B649B4B1C70FB619B4B1C70BB61E6
:104360009A4B1C703B639A4B1C603B61994B1C60E1
:104370007B60994B1C603B62984B1C607B61984B47
:10438000FB631C70974B7B641C70974B1C80BB625B
:10439000964B7B621C80964B1A00BB630023137004
:1043A0008422944BBA1813608822934BBA18136076
:1043B0008022924BBA18BB66914B7B66914B3B6651
:1043C000914B1360914BFB67914B3B67914BFB64A7
:1043D0008423FB181B681B78002B00D08EE28823F7
:1043E000FB181B681B78002B00D07FE2BA6E137895
:1043F0005BB2002B09DBFF231478F86C21001370EB
:10440000FCF762FB2000FEF7B3F97A6E13785BB21B
:10441000002B06DBFF23107813703F2801D8FCF730
:1044200065FB3A6E13785BB2002B11DBFF23147827
:104430001370631E3E2B02D82000FCF74DFD2100B7
:104440007548FCF741FB88220123BA1812681370E3
:104450008023FB181B681B78002B00D012E2FB6F37
:104460001B78002B00D0FAE13B6F1B78DCB2002BED
:1044700000D002E2694E3378002B00D00AE310210D
:10448000494802F085FBBB6D1C78844200D15EE296
:10449000187003F091FF7B6D1860FB6E1B78002B8A
:1044A00000D065E28C23FB181B681B78022B00D11F
:1044B0007CE2032B00D1EFE0594C012B00D125E227
:1044C0002378002B20D05B461A6853461B689A421B
:1044D00000D231E25B4652461B6812689B1A9BB2BF
:1044E0008022920093420FD2002323704D4B1A7802
:1044F0004D4B1B78002A00D1BAE3002B04D1234A8C
:10450000013311680B4313608C23FB181B681B7865
:10451000002B00D007E153461A685B461B689A429D
:1045200000D107E1AE2341499B00CA58A43BD358B0
:10453000002B00D0FEE05A4615685246796B12688F
:104540003B4E0A603278D1B28846002A00D19BE304
:10455000524638481268825C0D2A01D100F0EDFF06
:104560000A2A01D100F0E9FF52461268AA4201D29C
:1045700000F0FDFE524680211268C900891A554696
:10458000002966D100F082FF00140048002C014091
:10459000371B00202C17002028170020241700208C
:1045A000341B0020301B002000080048391B00206D
:1045B000381B0020000000207C1600207816002008
:1045C000741600207216002071160020701600204C
:1045D00068020020640200205C02002058020020D3
:1045E00055020020540200206E0200206C020020C0
:1045F0004D02002093160020921600200300002098
:104600000200002001000020911600207D160020ED
:104610009516002064BB000878BB000894160020A3
:104620001C1700201B1700201A170020A81B0020B1
:104630004C020020301700202A688218D25C0D2A14
:104640000AD02A688218D25C0A2A05D0013399421E
:1046500002D032789A42EFD8AA461D1E01D100F04E
:1046600015FF53461B68A9B2C01805F0B3FA5346AC
:1046700052461B68EB18136080231268DB009A42D5
:1046800002D300235246136033789D4201D200F0DA
:10469000F2FF0023337012E3DA4D2B78012B01D1A6
:1046A00000F0B4FD2B78022B00D13EE32B78062BD3
:1046B00001D100F019FD2B78032B01D100F022FF6E
:1046C0002B78042B01D100F0B0FF2B78CE4C052BBA
:1046D00000D0F5E6CD4BCE4ECE4D1A78280031688D
:1046E000FDF7F4FC041E01D101F036FA2100CA489E
:1046F0002A003368FCF7E8F92100C848FCF7E4F920
:10470000C74803F05FFE8C220223BA1812681370A8
:10471000C44A13700122C44B1A708823FB181B680B
:104720001A70B94CCCE6032B04D1B64B1B78042B82
:1047300000D1F0E672B68C23FB181B68BA6F1B78A9
:104740001278134300D11DE262B6B84BFB651B78AB
:10475000002B00D033E2B64C2378002B00D0ECE1E4
:104760008C23FB181B681B78002B00D030E6B14A65
:104770001278002A00D12BE6AF4A1168002900D137
:1047800026E672B611681360894662B6AB4B1B7899
:10479000002B01D000F0A0FFA94AAA495368AA48FB
:1047A000096803400B435360BA6CA84B1178A848C2
:1047B0008A00521892009B185C684B46844201D8CC
:1047C00000F0CEFD642B01D900F000FE01204B4625
:1047D000002B01D100F053FE0124032800D98408E6
:1047E000002556469B4B7B670023982204E0C04679
:1047F0009822BB181B680133B9180B600B689C42E8
:10480000F5D85B4632681B689A4222D0AE237A6F95
:104810009B00D258A43BD3589846002B19D15B4635
:104820001B6832689A4201D301F0FAF83C213268E1
:1048300088469A1A3B2A03D832689B1A9BB298463C
:10484000854B30684146C01805F0C4F933684344CD
:1048500033600135A945C7D1B24600F010FE0023F0
:10486000FA6F7E481370FCF7B1F8FDF741FF3B6F1C
:104870001B78DCB2002B00D1FCE500233A6F1370EB
:10488000FDF7A4FF80230025624CFB181B687449C8
:104890000F2220001D7005F08EFC2000E573FBF751
:1048A000EDFE704B704A1870704B1B78DBB21370C2
:1048B000FF226F4B1A706F4B1D70FDF7C9FBFDF7A0
:1048C0006DFB534B1D606C4B1D6003F075FD8C221E
:1048D0006A4BBA1818600323126821001370022271
:1048E000484B67481A70FCF7EFF8B8E588220023B8
:1048F000BA1812681370FDF7F3F877E584220023E5
:10490000BA1812681370FDF719F868E57B6C1B780C
:10491000002B00D01EE2FB6B1B78002B01D000F0B7
:1049200013FC2378002B00D104E75B461A6853463A
:104930001B689A4200D3CDE580215B465246C900F0
:104940008C461B68126863449B1A9BB2C8E503F04F
:1049500033FD7B6D1B68C01A0E2800D89DE5FB6EE9
:104960001D78002C00D012E3002D01D100F007FDCE
:1049700003F022FD3B6C1B68C01AFA235B019842CE
:1049800000D2E8E001243B6B32211C70FBF7BCFB3A
:1049900080223C4BD200044200D0F1E09A628C238A
:1049A000FB181B681B78022B00D082E5364A13786F
:1049B000D9B2002B00D0AEE12E480378DAB2002B3A
:1049C00001D000F01AFC31490B785BB2002B01DA00
:1049D00000F08EFCFF230C780B70631E3E2B02D878
:1049E0002000FCF779FA2A482100FCF76DF89620A0
:1049F000400003F0E7FCFCF7FDFD8C23FB181B686F
:104A00001B7856E5C01600201C1700200B00002064
:104A1000A8160020B0160020F0C0000828C1000829
:104A2000DC050000C4160020C21600203A1B00203E
:104A3000CC1600201A170020D01600201B170020CB
:104A40000010024020170020FFFFFF8078CE0008F2
:104A5000006CDC02A81B002030170020B4B900084D
:104A600080160020AC1600207E1600209016002034
:104A7000090000209A160020A4160020A01600208D
:104A80008CBB000800140048C1160020070000205D
:104A900024BC000880210122E048C900347002F0E3
:104AA0007DF8802100224901DD4802F077F80A20D4
:104AB00003F088FC802101224901D94802F06EF8F8
:104AC0003C2003F07FFC80210022C900D34802F083
:104AD00065F8D44B1C60D44B1C70D44B1C70BB6F5E
:104AE0001C70BC6C2078FBF7E3FE2178182900D9F4
:104AF0000FE18B005B18CE4A9B009958CD48FBF71D
:104B0000E3FFCD4B1B78002B00D1B8E4CB4B1B78D7
:104B1000012B01D100F0F3FCC949022B01D000F0B8
:104B200012FCC84B1B78052B00D9DBE2C64A9B0060
:104B30009A58C648FBF7C8FFA1E403F03DFCC44BFC
:104B40001B68C01AC34B984200D809E600232370A3
:104B5000FCF72CFE04E6BF4B984201D900F033FD70
:104B60008C23FA22FB181B6892001B78904201D21A
:104B700000F0ECFB0123FA6913708022A74BD200EE
:104B80009A618FE462B64021A54802F001F8B24B69
:104B90001870002800D191E272B6B04B1869C0B20B
:104BA000FDF79CFF012280219D4801F0F7FF62B6CE
:104BB00062B6AB4BFB651B78002B00D1CBE56B4697
:104BC000FB62A84B80219C46E54402AB002294483E
:104BD00049013B6501F0E2FF0A2003F0F3FB0022EC
:104BE0003B6D16009846A04CA04D04E00136AE4245
:104BF00001D100F034FFFDF72BFA236830001B04CD
:104C00001B0C2360FDF732F943469855FF28EDD180
:104C1000B0463B2E01D800F06AFF85239B00444636
:104C20000026994692493D6D7967AE227B6F9200CE
:104C30009A584B46D358002BFBD128003C213C3CD2
:104C400004F0C8FF3C363C353B2CEED8464501D23B
:104C500000F0D9FC8C23FB181B681B78002B01D1BA
:104C600000F0BAFC0023FA6D1370FB6A9D4672E5F2
:104C7000002B00D048E47F4A7F4953687F48096889
:104C800003400B4353603FE453461B68AB4200D2E2
:104C900047E353461A68F1239B009A4201D200F081
:104CA00020FC5346802118681B68C900C91A744B40
:104CB00089B2C01804F08EFF534642461A6023782A
:104CC000002B00D136E55B461A6853461B689A42B2
:104CD00001D200F0FAFB5B4652461B6812689B1A31
:104CE0009BB280229200934200D323E500232370DD
:104CF000644B514A1B781278002B01D100F054FD0F
:104D0000002A00D016E501235F4A11680B431360A7
:104D100010E55E49F2E600231370FCF7CFFF8C2309
:104D2000FB181B681B78FFF7C4FB594C2368002B4A
:104D300000D1BBE403F040FB564B1B68C01A63284C
:104D400001D900F07CFD8C23FB181B68524C1B78AA
:104D5000FFF7B3FBBB6B1B78002B01D100F0D1FE3A
:104D6000B96A786A0B884D4D0288A8464C4E9A4223
:104D700000D1BCE04B4B80257B674B4B3C65994693
:104D80005B46FB655346B34604008A463E6AED0225
:104D9000FB621EE03368AB4200D1F1E05B461B785A
:104DA000002B10D053461A8823889A4200D281E003
:104DB00053461B8822889B1A3C4A9BB2D31A9BB24B
:104DC000FF2B00D985E053461A8823889A4200D1E8
:104DD00087E0424623889BB2D15C2388C9B2013365
:104DE0009B059B0D23803368AB42D3D23068431CB4
:104DF0003360FDF77FF84B4632681B689A42CDD38B
:104E000031682B48FBF760FE80224B46D200944667
:104E10004A461B6863441360C0E7C046001400485C
:104E200000080048D0160020D5160020D416002017
:104E300078CE0008A0BB00081A1700201917002020
:104E4000D8AD00080C000020E8C70008ECB6000848
:104E5000C8160020B70B0000361B0020000C0048CD
:104E60003A1B002078ECFFFF000400488813000084
:104E7000A81B00200010024020170020FFFFFF8029
:104E8000301700201B170020002C014028AB000821
:104E9000A8160020A01600201C1700207002002079
:104EA0003C260020F8C1000850020020FF0300004B
:104EB000E0C1000880215346C9008C461B88228827
:104EC00063449B1AE34A9BB2D31A9BB2FF2B00D8D0
:104ED00079E704F0ABFE53461A8823889A4200D043
:104EE00077E7FB6D5E469B46FB6A3C6D9A463378DE
:104EF000002B00D040E2BB6B1B78002B01D1FFF7E9
:104F0000DFFABB6A1A887B6A1B889A4201D0FFF7D6
:104F1000D7FA03F051FA7B691B68C01A632801D8DD
:104F2000FFF7CEFACC4B1B78002B08D080223B6ACF
:104F3000D2021B680633934201D800F0A3FE8023FF
:104F4000386ADB02026819009A4200D80168C34837
:104F5000FBF7BAFDC24B1B78002B01D000F0B9FE65
:104F6000C048FBF733FD0023FA6B13707A6C1370A3
:104F7000BA6B13703A69136004F058FEFFF7A0FA99
:104F8000786FFBF723FD33680133336006E7012CAC
:104F900001D0FFF782FA002D01D1FFF783FA002339
:104FA000FA6E137003F008FA396B3A6C09781268DC
:104FB000002901D000F01CFD831AFA22520193420D
:104FC00001D300F015FDBA691278002A01D000F073
:104FD0002BFEA54A934201D900F026FEFA69127809
:104FE000002A01D000F025FEFA24A400A34201D338
:104FF00000F01FFE8C22BA18126812780E2B01D80E
:1050000000F0F8FC022A01D100F023FF012A01D1AF
:1050100000F0D9FE802101229448C90001F0BEFDB4
:10502000802100224901924801F0B8FD0A2003F0D6
:10503000C9F98021012249018D4801F0AFFD3C20D2
:1050400003F0C0F980210022C900884801F0A6FDC4
:105050000023884ABC6C1360874A20781370874A03
:105060001370BA6F1370FBF723FC2178182901D94C
:1050700000F0A6FE14224A43814BD1588148FBF729
:1050800023FD814B1B78002B01D100F0B3FC7F4B3B
:105090001B78012B01D100F090FE7D49022B00D03E
:1050A0007C497D4B7D4A1B78052B02D87C4A9B00AE
:1050B0009A587C48FBF708FD00F09CFC20216C48C6
:1050C00001F066FD784B1870002800D16CE1FB6898
:1050D0001B78002B01D100F0FDFC72B6B86801F01E
:1050E00083F95CE56D4A24E5704A13785BB2002BC6
:1050F00001DAFFF716FBFF2314781370631E3E2BB3
:1051000002D82000FBF7E8FE21006948FBF7DCFC31
:10511000FBF7F2FDB02300211B02984200D2191ABE
:10512000644B1B688B4200D94CE36348FBF7CCFC13
:105130006248FBF74BFC03232B708933FB181B6879
:105140005F4C1B78FFF7B9F903F036F97B691B68F0
:10515000C01A632801D8FFF7B3F95A4B5A4D1B7890
:10516000002B28D02B68002B25D039692A680B68C2
:1051700000269A4202D92E680B68F61A6420296824
:105180002B68704398462B6899463B691B687B6780
:10519000FAF7BAFFF865FA20800041467043FAF743
:1051A000B3FF0A21FBF736F80091FB6D49467A6F91
:1051B0004648FBF789FC464A3E699046284A264BFA
:1051C000127831681B78404600920022FDF758F9AA
:1051D0000023FA6B13707A68336013603A6A2B60AD
:1051E00013607A6C1370BA6A13807A6A1380BA6B90
:1051F000137004F01BFDFFF763F90170FBF7CEFE9F
:105200008C23FB181B681B78FFF753F93149324890
:10521000FBF75AFC3148FBF7D9FBFCF719FFFCF709
:10522000BDFE2F48FBF7D2FB2E48FBF7CFFB002239
:10523000204B1A602C4B1A6003F0BEF82B4B204C0D
:10524000186002232B708A33FB181B681B78FFF74A
:1052500034F9C046FF0300000E00002034C20008ED
:105260000F00002008B90008B70B00000014004828
:1052700000080048D0160020D5160020D4160020C3
:1052800078CE0008A0BB00081A17002019170020CC
:10529000D8AD0008C8AD00080C000020BCAD000867
:1052A000E8C70008ECB60008351B00200400002009
:1052B00024BC0008A8160020F0BE0008BCBE0008F0
:1052C0001C17002018170020600200205CC2000894
:1052D00070060020B01600203CBC00084CBC000842
:1052E00068BC000874BC0008A4160020A0160020AA
:1052F000E4490B785BB2002B5DDAE3490B785BB2D3
:10530000002B00DA80E2FF2308780B703F2800D9D9
:1053100019E5FBF7EBFB8C23FB181B681B78FFF7E9
:10532000C8F853461B68EB1A3B2B00D9D9E053460B
:1053300018681968D54B691AC01889B204F04AFC7C
:1053400053461D60BBE4D249FFF7EBFB022B01D0B3
:10535000FFF7AFF88022CF4BD2009A61FFF726FB10
:10536000642B33D82100FAF7CFFEFFF730FA52460C
:105370001168691AFFF703F904F058FCBBE5012333
:10538000FA6E137003F018F880213B6C002218604D
:10539000FB69C1481D70BB6949011D703B6B1D70E5
:1053A00001F0FCFBFFF779F800228021BA4801F0F8
:1053B000F5FBFFF7C9F9FF2308780B70FDF7D8F963
:1053C0008C23FB181B681B78FFF773F80023B34A84
:1053D00048460021FBF72EF822000023FBF70AF8CD
:1053E000041E00D1F4E1AE4B5E4698468023DB00FC
:1053F000994655462100642C00D964219C20002345
:10540000381803609C203B184A001B6852188C46D1
:1054100052009A420AD9C0469C203B181B68391892
:1054200001330B600B689342F5D361462A683368F9
:10543000641A9A421FD0AE2342469B00D258A43B26
:10544000D3589A46002B16D133682A689A4220D244
:105450003C212A688A469A1A3B2A03D82A689B1A52
:105460009BB29A46894B28685146C01804F0B2FB9B
:105470002B6853442B60002CBCD1B346AA46894A02
:10548000894953680B405360FEF7A2FF0125FFF7DF
:10549000E8F84A462B68D31A3C2293463B2B04D8A3
:1054A0004A462B68D31A9BB29B46784B28685946CC
:1054B000C01804F08FFB2B685B444B4502D22B686D
:1054C0005B449A4653462B60D5E780215B465246A3
:1054D000C9008C461B68126863449B1A9BB2FFF795
:1054E00000FC53461868694B3C21C01804F072FB5D
:1054F000534652461B683C331360FFF7E0FB6B4991
:10550000FFF70FFB6A4B1A78002A01D1FFF709F960
:1055100000221A70674B1B78DCB2934200D02FE256
:105520006548FBF753FA654B1C7005232B708733D6
:10553000FB181B681B78FEF7BFFF90215422604BBD
:105540005218D219138056224B235218D2191370B5
:1055500053461B689D4200D169E357235B18DA1953
:105560008023DB009C460023A14698462C0053462E
:1055700005008D39100010E01A680131AA5CC9B22B
:1055800002701A6801321A601A68624501D34246F5
:105590001A601A680130A24209D01A68AA5C0D2A62
:1055A00003D01A68AA5C0A2A01D11029E4D14C461A
:1055B0009A46902254239B18D81904F00BFB002321
:1055C0003370FFF77CFB96200123BA6980001370CB
:1055D000FBF732F9FEF766FFFCF734FB802100226F
:1055E000C9002D4801F0DAFA0A2002F0EBFE102182
:1055F000294801F0CDFA002800D07BE2012002F01A
:10560000E1FEFFF72FFBAE23852225499B00C958F9
:1056100092008B58002BFCD14346991B3B6D89B2FD
:10562000981904F0D7FAFFF715FBFB6E32781B7858
:105630001A4300D1CEE08021002249011648327081
:1056400001F0ACFAFDF754F81E48FBF7BFF91E480D
:10565000FBF7BCF99620C00002F0B4FE8C220223B6
:10566000BA181268194C1370194A13700122194B99
:105670001A70FEF725FF33785B1BDBB23370FFF740
:105680001EFBC04606000020050000203017002049
:10569000C8AD0008001400480008004840420F0050
:1056A000A81B002000100240FFFFFFF0D4AD00084F
:1056B000981600209716002070BF00089B16002047
:1056C0001B5B00002CC000086CC000081C170020E9
:1056D000C4160020C216002001250026E14C2368D4
:1056E0002B432360E04B7B67B14214D0B046564653
:1056F0008A462369AB43236104E05B4632681B683A
:105700009A420FD123691D42F7D001239C46E04401
:10571000C245EED1B2460121D24A13688B431360D1
:10572000FEF756FEAE237A6F9B00D258A43BD358A7
:105730009946002BE6D15B461B6832689A4213D229
:105740003C21326889469A1A3B2A03D832689B1A50
:105750009BB29946C54B30684946C01804F03AFAE6
:1057600033684B443360CDE780223C213368D2005C
:10577000D31AF9653B2B03D83368D21A93B2FB6571
:10578000BA4B3068F96DC01804F024FAF96D802224
:105790008C463368D2006344934202D28946336810
:1057A00099444B463360ADE7002A01D0FEF7C2FFB3
:1057B000AF4AB0495368B048096803400B4353608F
:1057C000FEF7B8FFAD48591AFBF77EF9FFF7BBFAB1
:1057D000013408E6AA4B1978CCB2002900D0D5E1F3
:1057E00002F0EAFDA74B1B68C01AA74B984201D8EC
:1057F000FFF7A9FA8021A5482200490101F0CEF95E
:10580000A348FBF7E3F890E6A24B197849B20029C8
:1058100000DBA9E1A04B1978002900D0C0E1FB6EA4
:105820001B78002B01D0FFF78EFA9620C000FBF703
:1058300003F88C23FB181B681B78FEF73AFE974889
:105840002168FBF741F9964B1B78002B24D0954B30
:105850001E68002E20D023689946002398464E45A6
:1058600002D94B46F31A9846434664203100584308
:10587000FAF74AFC7867FA2042468000504331002C
:10588000FAF742FC0A21FAF7C5FC00914A463100BA
:105890007B6F8548FBF718F9FBF72EFAB02300223F
:1058A0001B02984200D279E1B02321681B02994281
:1058B00000D9B4E1914200D994E17C4B1A78022AD4
:1058C00000D158E21A78D6B2012A00D030E4002282
:1058D00077481A70FBF77AF87648FBF777F8764B3B
:1058E0001E70764B1B78002B00D048E2FCF7AAF91B
:1058F000FA23B4229B00BA181360B4217B181A68EB
:105900007918531E0B60002AF7D10B0080215F48E5
:10591000C9001B6801F042F9FA23B0229B00BA18B3
:105920001360B022BB181E68BA18731E1360002ED5
:10593000F7D113001B68BB6C1878FAF7B9FF5B4608
:1059400080211E6053465E4C320049014F481E6064
:10595000267001F023F90A2002F034FD8021012293
:105960004A48490101F01AF902F026FD454B18603A
:1059700004232B708833FB181B681B78FEF79DFDF2
:105980005048FBF723F84B48FBF720F84E48FBF74D
:105990001DF84E48FBF71AF80122474B1A70474B87
:1059A0001B78002B00D0FEE0FCF74CF9FA23BC2258
:1059B0009B00BA181360BC217B181A687918531E13
:1059C0000B60002AF7D10B0080213048C9001B680A
:1059D00001F0E4F8FA23B8229B00BA181360B82249
:1059E000BB181E68BA18731E1360002EF7D1A0E70B
:1059F000FCF77EFE0023FA691370BA6913703A6BE4
:105A000013708C33FB181B681A78002A01D0FEF73C
:105A100044FD80212E48C90001F0C0F8FEF73DFD8D
:105A200080223C213368D2008A46D31A3B2B03D80C
:105A30003368D31A9BB29A460C4B30685146C01853
:105A400004F0C8F880223368D2005344934202D253
:105A500033685344984643463360FEF7FAFEB04637
:105A6000FFF7DBF8002C0140A81B002030170020B6
:105A70000010024020170020FFFFFF8028BF000811
:105A8000961600209C1600200F27000000080048F2
:105A9000B4C0000809000020C2160020BCBC0008E9
:105AA0000B000020A4160020DCBC00087E1600209D
:105AB00084BE0008A4BE00089B1600200E00002033
:105AC0001C17002094BF0008B8BF0008F4BF0008EE
:105AD00000140048BC68200000F0F8FB0121200001
:105AE00000F020FC0123FA681370FFF7F6FA002695
:105AF000FFF7ACF880210122D748490101F04EF8A8
:105B00007CE5D648FAF762FFFCF7A2FAFCF746FA02
:105B1000D348FAF75BFFD34B802698462300002535
:105B20004446984676012800615D0135FCF7E2F9AC
:105B3000B542F8D13B6ACC481D601968FAF7C4FF3A
:105B4000A022CA4B52011A600123BA6B444613705B
:105B500004F06CF8FFF704F9C548FAF737FFC548B9
:105B6000FAF734FFFEF7CCFDC34A18781178FF220C
:105B700049B21A70FCF79CFE8C23FB181B681B783B
:105B8000022B01D0FEF795FCFEF735FF8021B248CD
:105B900049011A7001F002F8B84832E61A1A83E691
:105BA0001A70FEF728FFB64C5B212068FCF7A2F9BB
:105BB00020682D210130FCF79DF920685D2102301D
:105BC000FCF798F920682B210330FCF793F9206843
:105BD0005B210430FCF78EF920685D210530FCF76D
:105BE00089F9E1E6A7488B1AFAF76EFFA648FAF79B
:105BF000EDFE0124A54E03E00134402C00D1ABE0C2
:105C0000A34B6201D31819780129F5D1A1493000BD
:105C10008C469B6921006244FAF756FFECE79E48E8
:105C2000FAF752FFFA2016E5FBF762FEE2E60321DF
:105C3000BFE48C2380210122FB181B689748C90010
:105C40001A7000F0ABFF802100224901824800F069
:105C5000A5FF00233A69924D13607A68914813605A
:105C60003A6A2B601360FA6B13707A6C1370BA6A1D
:105C700013807A6A1380BA6B1370FAF7A7FE03F0E9
:105C8000D5FFB7E63D6A5B212868431C2B60FCF713
:105C900031F928682D21431C2B60FCF72BF928686B
:105CA0005D21431C2B60FCF725F928682B21431C40
:105CB0002B60FCF71FF928685B21431C2B60FCF765
:105CC00019F928685D21431C2B60FCF713F9FFF7D5
:105CD00036F97548FAF77AFE802100226F48C9002C
:105CE00000F05CFFFBF7AEFFFA23C4229B00BA185A
:105CF0001360C4217B181A687918531E0B60002AA0
:105D0000F7D10B0080215448C9001B6800F046FF02
:105D1000FA23C0229B00BA181360C022BB181D686A
:105D2000BA186B1E1360002DF7D1802113004901B2
:105D30002A0049481B6800F031FF0A2002F042FBAC
:105D4000802101224448490100F028FF8C23FB18E0
:105D50001B681D70FFF707F95448FAF737FEFF225A
:105D6000534B544C1A7006232B708633FB181B6858
:105D70001B78FEF7A2FB00224F481A7041E55B2119
:105D80002068FCF7B7F820682D210130FCF7B2F845
:105D900020685D210230FCF7ADF820682B2103302C
:105DA000FCF7A8F820685B210430FCF7A3F8206812
:105DB0005D210530FCF79EF898E54049FFF771F941
:105DC0003F49FFF75BF9802100223448C90000F009
:105DD000E5FEFBF737FFAC23FB181C60AC217B18FA
:105DE0001A687918531E0B60002AF7D10B00802126
:105DF0001948C9001B6800F0D1FEFA23A8229B00B5
:105E0000BA181360A822BB181C68BA18631E136066
:105E1000002CF7D180211300490122000E481B6895
:105E200000F0BCFE0A2002F0CDFA802101220A48CF
:105E3000490100F0B3FE234B23481C70234B1C7018
:105E4000BB6F1C708C23FB181B681C70FAF7BEFD1F
:105E5000D0E5FBF733FFCDE5000800488CC1000812
:105E60003CB8000870060020E0C100085002002085
:105E70003CC1000878C100080800002080C000086C
:105E8000A816002078BD0008C8BD0008FCBD0008A9
:105E900000400108014001082CBD00080014004822
:105EA00060020020B8BB0008ECB800081CBE000867
:105EB000040000201C1700204CBE0008D4AD0008D0
:105EC00028AB0008D51600200CBC0008D416002012
:105ED0007047C046012200B50F4B83B09969052079
:105EE00011439961996940420A4080210092009AC9
:105EF000DA6949050A43DA61DB6900220B40019344
:105F00000121019B00F006FB0220002201214042FA
:105F100000F000FB03B000BD0010024010B504000B
:105F200088B01422002102A804F02CF9104B22683A
:105F30009A4201D008B010BD80210E4B89009A69A9
:105F40000D480A439A619A690A4080210092009A9A
:105F50005A6909030A435A615B6901220B400193A4
:105F6000019B032302A90292039300F071FCE1E775
:105F70000024014000100240000800487047C0465D
:105F8000FEE7C0467047C0467047C04610B502F0F5
:105F900007FA10BD10B5022000F006FE10BDC04685
:105FA0002C4B70B55B691B0732D52B4C2378002B2B
:105FB00028D12A4A2A4953680B405360C046C0463C
:105FC000284B294918690B68284D01339B050E6839
:105FD0009A0D2B68C0B29E4229D30B682D685B1BBB
:105FE0009BB2FE25AD00AB4216D20B68204D0A6075
:105FF000E8542378002B23D001211E4A13680B4359
:10600000136010E001211B4A13688B431360D5E72E
:10601000082000F0C9FD70BD0B680A600122144C15
:10602000E054154B1A7008220A4B5A61F3E7802698
:10603000F600B4460B682D6863445B1B9BB2D0E747
:10604000064A0E4953680E48096803400B435360E3
:10605000E9E7C046000401401B1700200010024081
:10606000FFFFFFF000040048241700202C17002039
:1060700030170020002C01401C17002020170020A2
:10608000FFFFFF8010B5024800F07EFE10BDC04645
:10609000602A00200C490D4A0300521A0C4910B521
:1060A0000868002804D0C318934206D80B6010BDBE
:1060B0000848C31808609342F8D904F091F80C23FB
:1060C000036001204042F2E700040000004000208D
:1060D0007C1B0020A02E00207047C046002370B516
:1060E000026882B001939168033304000B40012BD6
:1060F00031D09168204B194223D1012193680B4381
:1061000093601E4B1E491868F9F7FEFF0190019B32
:10611000002B05D0019B013B0193019B002BF9D182
:1061200002F04AF90126050004E002F045F9401B9F
:10613000022817D823681B681E42F6D0002002B040
:1061400070BD1022A36B01201343A363E36B0F3ACE
:106150001343E363F3E711680B42EFD1D3681B04E9
:10616000ECD4C6E71022A36B01201343A363E36BB7
:106170003343E363E3E7C0461700008018000020C4
:1061800040420F0070B5041E64D0836B002B68D0B2
:10619000A36BDB0660D4226893685B075CD4A36BB7
:1061A00047490B400631FF310B43A363032391683A
:1061B0000B40012B5BD01821D3688B43A1680B43A4
:1061C000D360136961689B009B080B431361D3681C
:1061D0003C490B40D360237E617E9B03C9030B4384
:1061E000A07EE1680B4341030B432421615C49001D
:1061F0000B43A16A01394D1EA94109030B432169D3
:1062000002394D42694189000B43E17E01293ED0AC
:10621000C220E169FF30814202D0206A01430B4372
:10622000D168E56A1943D160802149058D4225D0A6
:10623000691E062922D9D26823490A409A422CD0E5
:106240001222A36B9343023A1343A363E36B0F3A07
:106250001343E363012070BD1022A36B1343A363B8
:10626000F8E73422C3638354FFF758FE90E71168C0
:106270000B42ACD1D3681B04A9D49CE70721506919
:10628000884350615069294001435161D3E7002898
:106290000DD1802149020B43BAE700230322E363B7
:1062A000A36B00209343023A1343A363D3E7202553
:1062B000A06B2843A063E06B0143E163A8E7C046FD
:1062C000FDFEFFFF1902FEFFE7FF3F83036810B5E5
:1062D0009A680400520721D43422815C01291DD020
:1062E00001218154427E012A12D1A16B0C4A002067
:1062F0001140802252000A43A26334210022E2634B
:1063000062541C321A609A6830390A439A6010BD90
:10631000FFF7E4FE0028FAD12368E6E70220F6E75B
:10632000FEF0FFFFF8B5446905000E00082C04D00C
:1063300003680C24DB68DB0741D402F03DF807005A
:106340002A6813681C4204D1731C25D113682342A8
:10635000FCD08023A96B9B000B43AB63C023D168A7
:106360001B01194213D1AB7E002B10D113681B0700
:106370000DD593685B072BD40C2153688B43536076
:10638000AB6B18490B400431FF310B43AB632B7EE1
:10639000002B11D00020F8BD002E04D002F00CF824
:1063A000C01BB042CCD90422AB6B03201343AB63B8
:1063B00000223423EA54EEE70C231360EAE720229C
:1063C000836B1343836300223423C2540120E2E72A
:1063D0002021AB6B0B43AB63EB6B1F390B43EB63C0
:1063E000D5E7C046FEFEFFFF0368186C7047C04645
:1063F0000023F0B583B001933433C25C0400C56A56
:10640000012A59D00122C25403689868400709D56F
:1064100020220120A36B1343A36334230022E25400
:1064200003B0F0BD10267642B4460868324E4F687D
:1064300082408444B74227D09E6A32439A62072D35
:106440001FD98022520595420CD007228D685969C8
:1064500011408D4206D059699143596159692A40CA
:106460000A435A616346022B09D8244B80211A68DB
:10647000102825D011283AD049040A431A60002078
:10648000CBE7002DEED1E0E7996A9143996263462C
:10649000022BF4D8194B1B6810280FD01138421E5C
:1064A0009041174A40421040164A944660441840B2
:1064B000124B18600020B0E70220B1E71248F6E75F
:1064C00009040A431A60114B11491868F9F71CFEB8
:1064D00083001B185B000193019B002BCFD0019B15
:1064E000013B0193019B002BF9D1002095E7C903E3
:1064F0000A4300201A6090E70110000008270140BD
:10650000000040FFFFFFBFFFFFFF7FFF18000020DC
:1065100040420F00FF22032310B514000340DB00AC
:106520009C4089010A40E4439A4000280BDB0C4B55
:10653000C0219C4680088000604489004358234065
:106540001343435010BD0F23064903408C46083BBC
:106550009B089B006344D9690C401443DC61F1E75C
:1065600000E100E000ED00E0002805DB1F22012330
:1065700002409340014A13607047C04600E100E0CA
:1065800000280ADB1F220123024093408022034996
:106590008B50BFF34F8FBFF36F8F704700E100E068
:1065A0008022431E5204012093420ED2C021074A8A
:1065B00007485360036A09061B021B0A0B43036268
:1065C00000230020936007331360704710E000E061
:1065D00000ED00E0F0B546464F46D646C0B52F4F19
:1065E00006003B7E8846012B56D001233B7603688C
:1065F0002B48012B33D000F095F8002833D101232C
:1066000042465B421360B3687568DB025B199D42CA
:1066100029D20023234C994609E080231B019C4684
:10662000B3687268DB0265449B18AB421CD9022236
:106630004B469246FB612369194813432361656108
:1066400023693E321343236100F06CF852462369FC
:10665000934323610028E0D043461D6004E000F02E
:1066600061F8002807D0012000233B76E0BCBA4641
:10667000B146A846F0BD042540220A4CF8612369C2
:1066800007482B43236123691343236100F04AF831
:106690002369AB432361E7E70220E7E7801B002083
:1066A00050C300000020024010210D4B10B5DA68E5
:1066B0000B001340114205D00A4A0E39D3690B432F
:1066C000D3611023064AD16804220A4205D001246E
:1066D00004481343C1692143C161014AD36010BD1D
:1066E00000200240801B0020064B00201A69120681
:1066F00006D5054A5A60054A5A6018690006C00F57
:106700007047C0460020024023016745AB89EFCDAA
:106710008021034A002013690B4313617047C04670
:1067200000200240F8B5040001F046FE01260500F5
:10673000154FFB681E4206D0631C12D1012212497C
:10674000CB681A42FCD120220F4BD9680A4211D1E2
:106750000D4AD368DB0612D4D36800205B070ED441
:10676000F8BD002C04D001F027FE401BA042E0D968
:106770000320F5E7DA60044AD368DB06ECD5FFF7BF
:1067800093FF0120ECE7C04600200240F0B54E46E2
:106790005746DE464546E0B59A4683B0294B0192FE
:1067A00099461B7E04000E00012B46D001234A4669
:1067B00025481376FFF7B6FF002834D1012C3ED0D0
:1067C000023C631E9C416300984602239C46E044C1
:1067D000002300259B4618E05346D3404A465946BD
:1067E00001271A4CD16122699BB23A4322611648B3
:1067F0003380FFF797FF2369BB432361002812D141
:106800000135EBB2023698450DD92B011A00203A1A
:10681000E2D520225146D21A91400A000199D9406E
:106820000B001343DAE700234A46137603B0F0BCAB
:10683000BB46B246A946A046F0BD0220F6E70123BA
:106840009846C5E7801B002050C30000002002408E
:10685000F0B54546DE4657464E46E0B50D68002386
:1068600085B0002D7BD0794A0091924601212A0003
:1068700099400A4091460D426DD0009F10247A68DD
:106880001700A7435C00A446032466460197009FB7
:10689000B440BE686746BE40B046019EE443013E38
:1068A000012E63D94646C16821403143C160016869
:1068B0000C4003211140B94021430160802149056A
:1068C0000A4248D05146012456468969032721438C
:1068D000B161B1690F2621405D4C1F40A446BF0045
:1068E000BE40039103999908890061448C68B443C0
:1068F0009026F605B04212D0564EB04200D198E034
:10690000554EB04200D198E0544EB04200D18CE0D8
:10691000534EB04200D194E00526BE4034438C6013
:106920004C465049E4430968D70366D44D4F214093
:1069300039607968970367D44A4F21407960B96814
:10694000D70268D4474F2140B960F968920269D4F0
:106950000C404449CC602A000133DA4086D105B0AE
:10696000F0BCBB46B246A946A046F0BD86682640AC
:10697000B346009EF668BE40B1465E464F463E4373
:10698000866046688E43110999403143464641600E
:10699000C16821403143C160019902290DD00168CD
:1069A00001330C4003210A4061468A4022430260C1
:1069B0002A00DA4000D059E7D1E707261E40B6008A
:1069C000B1460F264F46BE40DA0892008218116A7F
:1069D0000133B1438846009E31694646B940314390
:1069E00011620168019A21406446A2400A43026094
:1069F0002A00DA4000D039E7B1E74E46194F31435B
:106A000039607968970397D54E46164F31437960C0
:106A1000B968D70296D54E46124F3143B960F9682E
:106A2000920295D54C460C4393E70326BE4034436F
:106A300075E70126BE40344371E70226BE40344369
:106A40006DE70426BE40344369E7C04600100240AB
:106A5000000001400004004800080048000C004805
:106A60000010004800040140F0B5DE4657464E468F
:106A70004546E0B5002383B0002965D00122914648
:106A8000023293463C4A944644E03C4CA04262D0D9
:106A90003B4CA04263D03B4CA04264D03A4CA04255
:106AA00065D00524AC402500AE4211D1644625686E
:106AB000019EBD4325606568BD436560A568BD4313
:106AC000A560E568BD43E5604446B568A543B5608B
:106AD0005E465D00AE4004683500B4430460DC08E7
:106AE000A4000419266A0727B0460F261F40BF00DE
:106AF000BE4037004646BE432662C468AC43C4600D
:106B00004468944344608268AA4382600A00013367
:106B1000DA4019D04A460F009A4017401142F5D08A
:106B20001A4D9C08A846A4005D464444A6680194FA
:106B30000F241D40AD00AC40A04626409024E40543
:106B4000A042A2D10025AFE703B0F0BCBB46B246DD
:106B5000A946A046F0BD4C46AC402500A4E702245F
:106B6000AC402500A0E75C46AC4025009CE704242F
:106B7000AC40250098E7C0460004014000040048EE
:106B800000080048000C00480010004800000140C8
:106B900000690840431E9841C0B27047002A01D0E6
:106BA000816170478162FCE7044B10B55A6910425D
:106BB00000D110BD5861FBF7C7FFFAE700040140A0
:106BC00010B50C060ED50724214001318C00611848
:106BD000C900401899B2002A0DD10023C180037367
:106BE000002010BD8C006118C9006931FF314018C8
:106BF00099B2002AF1D083600123F0E7BA23012182
:106C00009B000268C1500021083BC154542301205D
:106C1000D15A0143D152D15A01300143D1520020FF
:106C20007047C0467047C046F0B5C64600B5040080
:106C300086B0002862D0324BC35CDAB2002B53D04E
:106C400003222F4BE254206801F0D8FB6168002931
:106C50002FD029239C46023300220127282698465C
:106C60000020654693009B18DB00E3185F554546FE
:106C70009A55DA860132D2B258559863D8631864AF
:106C80008A42EED30022002093009B18DB00E31819
:106C90001D006A35FF352870013D2A7081330132AD
:106CA000E870FF33D2B210352860686018608A42FD
:106CB000EAD323006A461033206862CB62C222CB3B
:106CC00022C2A268E368616801F0A2FB24230022CB
:106CD000E2540B4B0132E254E369012B0AD000204D
:106CE00006B080BCB846F0BDAA239B00C25403F096
:106CF00037F8A5E72000FFF781FFF0E70120EFE775
:106D0000A902000070B5041E07D00323074E835567
:106D1000006802F07FF8051E02D00125280070BD32
:106D2000200003F03DF8A555F8E7C046A902000091
:106D300070B5AA25AD00435D0400012B0BD00123E3
:106D40004355006801F050FB206802F075F80023FD
:106D50000020635570BD0220FCE7C04670B5AA252F
:106D6000AD00435D0400012B0BD0012343550068A7
:106D700001F044FB206802F067F80023002063550F
:106D800070BD0220FCE7C046F0B5DE4657464E46D1
:106D90004546E0B5040087B0006802F05DF80004E5
:106DA00000D5C5E023689B46584602F055F84005DB
:106DB00000D5A3E0206802F04FF8400400D584E03D
:106DC000206802F049F8800400D577E0206802F0DE
:106DD00043F8C00442D4206802F03EF800055AD4BB
:106DE000206802F039F88022024220D04420236833
:106DF000195A9143B82219529200A15C002900D07F
:106E00006AE004254031585A28435852585A0435EC
:106E1000284358523F39A15454229A5A3C2392088D
:106E20001340B92292002000A350FFF7FBFE206818
:106E300002F012F8800557D4206802F00DF8C00562
:106E400005D544222168D0488B5A03408B5207B0A5
:106E5000F0BCBB46B246A946A046F0BD4023042084
:106E60002268D15A8143D152D15A04308143D15240
:106E7000B8239B00E25C012A00D158E2200002F016
:106E8000F5FF44222068C149835A0B40835201F028
:106E9000E3FF0005A4D5402208202368BC4D995A81
:106EA000014399523C30195A29401952995A403895
:106EB00001439952200002F0C7FF91E74422206865
:106EC000B449835A0B40835281E744222068B24977
:106ED000835A0B40835274E7200002F0B5FF20680C
:106EE00001F0BAFF8005A7D544222168AB488B5A30
:106EF00003408B52200002F08DFF9DE74422AA251B
:106F00002168A7488B5AAD0003408B52200002F045
:106F100089FF635D012B00D14CE7012300266355F7
:106F20002333E6540021206801F07EFF665541E7D7
:106F300044232068C35A83461BB2002B00DB33E78F
:106F400044239A46353B994653464E464946C35AD2
:106F50009AB21E40194257D10388D20600D4DEE00F
:106F60009AB21B0500D529E112B2002A06DB030004
:106F70005246825A12B2002AE6DB14E70388894A95
:106F8000250013408022134303805023C25A193333
:106F9000FF33E35C6935DB00C3189B18824AFF3579
:106FA000944663441B889B059B0DEB610ED0696979
:106FB00000290BD0EA8801F06BFF6B69EA692000B9
:106FC0009B1800216B6102F00BFF20685022815A50
:106FD000754A0300821852182969002900D18BE1F3
:106FE0003E2900D9BDE101264D0831406D18AD02A2
:106FF000ADB2158001886D4A1140C02292014A400D
:107000006B490A430280B3E7B5004219138899B26D
:107010001BB28846002B3BDB8022414603000A421C
:10702000A6D041190A88634F3A4080273F023A436D
:107030000A802B22AF19FF00E719BA5C022A00D19F
:107040000DE15023C35AAD199C462823F95C5A4FD1
:10705000CB006344BC46C318ED0063441B8865192C
:107060002A6C9B059B0D9A4200D885E0D21A2A64AF
:10707000EA6B0136D218EA63B1006A6C8919D31839
:10708000C9006B64611801F093FB206803006FE78F
:10709000138844490B4080210B431380AB19DB005C
:1070A000E3181A007532FF321278002A00D0A9E0E6
:1070B0005032815A1A006932FF321278D2005218C7
:1070C000394982188C46624412889205970D002A2D
:1070D00000D033E10027A919C900631818008530D2
:1070E000FF3002680838D21982600268D219026043
:1070F0001A008132FF321268002A05D07933FF333B
:107100001B68BB4200D824E1AB19DB00E3186933EC
:10711000FF332000197802F063FE20687CE7254ADF
:107120000021134080221202134303805023C25ACD
:10713000283BE35CDB00C3189B181F4A20009446E1
:1071400063441B88E26B9B059B0D6364D318E36368
:1071500002F054FE2422A35C2068002B00D106E735
:10716000216C0300002900D002E78026A55C35438E
:10717000343E8553A154FBE6002320002B6402F02B
:107180003DFE2068F3E6C046FFFEFFFFFFEFFFFF76
:10719000FFF7FFFFFFDFFFFFFFBFFFFFFFFDFFFF69
:1071A000FFFBFFFF8F0F0000060400008FBFFFFFF3
:1071B000808000000F8FFFFF020400005023C25A9E
:1071C0001933FF33E35CAC21DB00C3189B18C04AC2
:1071D00089009446220063441B8869329B059B0DFD
:1071E000FF32D3616118D28801F052FE2268B9499A
:1071F000138820000B4080210B43138002F0E6FD32
:107200002068B4E61F0019006C37FF3769313F78FA
:10721000FF310A78022F00D1AFE0920093468344F9
:107220005A46AD4F12883A40AC4F3A435F463A80D7
:107230000A78910041180988490467D55021415ABC
:10724000D2005218A64982188C46624412889205D0
:10725000970D002A00D13DE71A00713270E04246D6
:10726000D20500D4EDE62822BA5C40219346D20034
:1072700000923A6C029242460A40039280224146B2
:10728000D2010A40019240220A4200D0C5E0904A51
:107290005021944684446246415A0592009A6144C2
:1072A000895A89058A0D029904928A4200D827E1F9
:1072B000039B3B642000594602F0A0FD019B20681F
:1072C000002B00D072E128220300BA5C824D9200AC
:1072D000821811882940834D294311802822BA5CE5
:1072E00081499200821815880D4030214D407F4918
:1072F000294389B211803BE611887D4D29408025C4
:10730000118011882D022943118073E65021415AC2
:10731000D20052186E4982188C4662441288920537
:10732000970D002A00D1D5E61A00733208E000223A
:1073300000212000E254FFF775FC9FE51A006F3230
:107340007D33FF33FF32196812883B0001F0A0FD46
:10735000C1E66931FF312068611801F029FA20681F
:107360005AE61F264D0931404E4271416D1A61495E
:10737000AD02294389B211803CE6D1008B46C02181
:1073800049008C4680214746C9010F409C44634612
:10739000009747461B680F425AD05021504F415A20
:1073A0005944BB464118594409888905890D0F0085
:1073B0000091994200D94FE15B1A61460B600DD1F3
:1073C00093009C46844463464B491B8819408023A4
:1073D0009B014B4049490B4361460B8043465B068A
:1073E00007D59200821813883B490B403B490B4359
:1073F0001380009B002B00D16DE6AB19DB00E31876
:107400001A007D33FF331B6871329C46FF326146A0
:107410001288009B01F03CFD5DE6314A5021944604
:10742000415A009A84446144895A029A8905890D17
:107430000391914200D2BBE0002359463B642000F7
:1074400002F0DCFC019B002B00D1AEE020683AE7A3
:1074500050211F4F415A5944BB464118594409888D
:107460008905890D0F000191994200D9F8E05B1A56
:1074700061460B600DD193009C46844463461E49CF
:107480001B88194080239B014B401C490B436146DC
:107490000B8043465B0607D49200821813880E497E
:1074A0000B400E490B431380019B002B00D112E6C9
:1074B000AB19DB00E3181A007D33FF331B6873320E
:1074C0009C46FF3261461288019B01F0E1FC02E616
:1074D000060400008F0F00008F8FFFFFC0800000A8
:1074E0000204000080C00000BF8FFFFF8080FFFF0C
:1074F000FF83FFFF0080FFFF8FBFFFFF8080000042
:107500008A1A3A6400D1D5E6019A002A0DD15A466A
:107510009200944684446246128890464146984AB6
:107520000A4098490A4361460A804C218C46AA19B0
:10753000D200A218944461460978012900D0CDE612
:10754000D36B04999B468846C3445B46D363536C14
:10755000916B43445364936C88468B4200D294E011
:107560005B1A93642923FA5C002A00D07DE027335C
:10757000C25A059B9C46009B62449C46434662441B
:107580000092002B00D0AEE013887F490B40802191
:107590001380138809020B431380AB19DB00E31837
:1075A0005A8E5946039B01F05BFC2068030095E668
:1075B000521A3A64019A002A0DD05A469200904617
:1075C000804442461288934659466D4A0A406D49A6
:1075D0000A4341460A804C218846AA19D200A218C3
:1075E000904441460978012900D077E60399D36B8E
:1075F0008B460193019B916B5B440293D363536C65
:107600005B445364936C8B4601938B4252D35B1A59
:1076100093642923FA5C002A40D12733C25A009B85
:1076200062449C465B4662440092002B00D0A5E079
:10763000138855490B4080211380138809020B439E
:1076400013800023AA19D200A218128E029901F009
:1076500007FC2068030041E6002361460B60AFE6AB
:1076600063460099196006E7984643469BB2039328
:10767000012A92D1059A50239446C35A009A634432
:107680009446039A63441A8087E7002B1AD1624616
:107690001370049B984665E7019B9B465B469BB233
:1076A000012ACFD14F32825A009962448C466244FB
:1076B0001380C7E7019B002B23D142461370039B25
:1076C0009B46A6E700219164624611702922BA5CAC
:1076D000002AC9D1059950328C46825A00996244D9
:1076E0008C46624400923E2B2BD801221A409446CD
:1076F000590861448902009A89B29BB211800393B0
:107700004BE700214346197091642922BA5C002A94
:10771000C2D15032825A009B62449C46130063449B
:107720000093019B3E2B17D8590801231A00019B97
:107730001A4094466144009A890289B211809BB232
:1077400080E71F221A4011004A424A4159098A1A09
:107750000E4992021143CEE7019B59091F231A00DB
:10776000019B1A4053425341C91A8B020749009AA0
:1077700019436B4689B29B88118063E70193D0E778
:107780008F8FFFFF80C00000FF83FFFF0080FFFF9F
:1077900070B5AA25AD00435D0400012B0AD001237A
:1077A00043552333C154006801F03EFB0023002001
:1077B000635570BD0220FCE770B507250D4049B246
:1077C0000400002924DBA8004019C00001000026A5
:1077D000201869316A30FF31FF30611806700A6184
:1077E0004A780D70CB70002A00D0CD81022B01D1D8
:1077F00000230B71AA25AD00635D012B10D001237E
:107800006355206800F014FE00230020635570BD0E
:10781000681C810009180120C90061184870DEE762
:107820000220F4E707220A4049B270B5040000299B
:107830001ADB93009B18DB0019006931FF314118F6
:10784000C318AA2500206A33FF331870AD000A70F0
:10785000635D012B15D001236355206800F022FFE2
:1078600000230020635570BD531C9900C918AA2538
:107870000123C90041184B700A70AD00635D012BF4
:10788000E9D10220EFE7C04670B5072421408C0003
:107890006418E40005192E007D36FF3632602A0098
:1078A0008132FF3213600023693569345360FF353C
:1078B000173AFF34137029700119006800F078FF3F
:1078C000002070BD07230B409900C918C90040185B
:1078D0008530FF300068704770B5072421408C0068
:1078E0006418E40004192500E26301224C35236486
:1078F0002A70A364002363642933E254013BE154FA
:1079000001318B005918C9004118006800F050FF80
:10791000002070BD0723426870B50B4004009342FD
:107920002FD84AB2002A1BDB8A005218D20011005D
:107930006931FF314118821800206A32FF3210701D
:10794000AA2501220B708A70AD00635D012B16D051
:107950006255206801F0FAF900230020635570BDDC
:107960005A1C910089180122C90041184A70AA25A1
:1079700001220B708A70AD00635D012BE8D10220FB
:10798000EDE70120EBE7C0460F23426870B50B40DE
:107990000400934231D807220A4049B200291BDB78
:1079A00093009B18DB0019006931FF314118C3189F
:1079B00000260020AA256A33FF331870AD008E70B0
:1079C0000A70635D012B16D001236355206801F016
:1079D000E1F90020665570BD531C9900C9180026B6
:1079E0000123AA25C90041184B708E700A70AD00A2
:1079F000635D012BE8D10220EDE70120EBE7C046F3
:107A0000F0B5CE46474680B50368040083B0DA037C
:107A100030D580224E4B5205D969002711425DD0E6
:107A200080264C4D76002B68334265D0484DC023EC
:107A30002A6A9B001000616818401A4211D00B405E
:107A400083420ED080202B6A2E6A40023043286287
:107A5000286A414A414E1A40304028622A62DB07B8
:107A600062D43B4A3C48136A03400B431362012F24
:107A700054D02368DA0706D5032035490A6B8243C0
:107A8000A06802430A639A0706D5314934480A6B55
:107A90000240E06802430A639A0606D510202C498A
:107AA0000A6B8243206902430A639A0306D5802049
:107AB00027490A6B8243A06902430A635B0505D428
:107AC000002003B0C0BCB946B046F0BD4021204AFA
:107AD000136B8B4361690B431363F1E78026D9690C
:107AE0001C4D1143D961DB69760013400193019B62
:107AF0002B680137334299D12B6833432B6000F058
:107B00005BFC80462B68334200D08FE700F054FCCA
:107B10004346C01A6428F5D90320D2E7D369114936
:107B20000B40D3612368A5E700F046FC022398468A
:107B30000D4B0600994604E000F03EFC801B4845D2
:107B4000EAD842462B6A1A42F6D0616889E7C046F5
:107B50000010024000700040FFFCFFFFFFFFFEFF2F
:107B6000FFFFFCFFFFFFFFEF881300008022104B98
:107B7000120519690A431A611A690E490A401A6105
:107B800042680368134382681343C268134302695F
:107B900012041A43084B5A601968426907481202D6
:107BA00001400A4360211A601A680A431A6070474C
:107BB00000100240FFFFFFF7006C0040FFC0FFFF16
:107BC000F0B5CE46474680B5040083B0002800D10A
:107BD00013E10368DA072FD50C21C54842680A4033
:107BE000042A00D12BE142681140082900D11DE18F
:107BF0006368012B00D12CE1002B00D14EE1052B55
:107C000000D179E2BA4BBB491A680A401A601A6877
:107C1000B9490A401A6000F0CFFB80260500B44F36
:107C2000B60205E000F0C8FB401B642800D933E130
:107C30003B683342F6D023689A0729D50C22AC4919
:107C40004868024200D1D1E048680240082A00D1C9
:107C5000C3E0E368A64D002B00D163E101222B684D
:107C6000022713432B6000F0A7FB060005E000F09D
:107C7000A3FB801B022800D90EE12B681F42F6D01F
:107C8000F8212A6823698A43DB0013432B602368A9
:107C90001A072DD45A0745D580220020944B52054F
:107CA000D9698146114208D1D9691143D961DB698B
:107CB00013400193019B0123994680278F4E7F003B
:107CC00033683B4200D1CBE0A368012B00D13CE1FB
:107CD000002B00D1FBE0052B00D1C9E10121844B31
:107CE0001A6A8A431A621A6A03318A431A6230E1B5
:107CF000E3697F4D002B00D185E001226B6A0227EA
:107D000013436B6200F058FB060005E000F054FBE3
:107D1000801B022800D9BFE06B6A1F42F6D023689F
:107D20005A07B9D4DA0612D56269012A00D1C4E132
:107D3000053200D01FE10420F8256D494A6B8243CB
:107D40004A63486BA269A843D20002434A639B0678
:107D500022D50C2266494B6813400C2B00D12AE136
:107D60004B681A40082A00D11EE1236A604D002B9F
:107D700000D12AE180276B6B7F023B436B6300F0ED
:107D80001BFB060005E000F017FB801B022800D952
:107D900082E06B6B3B42F6D0636A002B1BD00C2257
:107DA000534D69680A40082A00D16BE1022B00D1CB
:107DB00026E12B68524A802613402B6000F0FCFA23
:107DC000B604040004E000F0F7FA001B022863D8B0
:107DD0002B683342F7D1002010E04A68C0214902E5
:107DE0000A40802109028A4200D032E7404A1268E4
:107DF000920745D5E268012A42D0012003B0C0BCF9
:107E0000B946B046F0BD01226B6A022793436B620C
:107E100000F0D2FA060004E000F0CEFA801B02283F
:107E20003AD86B6A1F42F7D1236879E7C0214268CC
:107E300049020A40802149028A4200D0D8E62C4AF1
:107E40001268920300D4F7E66268002A00D0F3E6D5
:107E5000D3E78023264A5B0211680B431360DAE6FE
:107E600033683B43336000F0A7FA050004E000F0FC
:107E7000A3FA401B64280FD833683B42F7D023E7AE
:107E8000F8251B4822690168D200A9430A43026011
:107E90001A0700D4FEE62BE70320AFE7144D154A7E
:107EA0002B68802713402B602B68134ABF021340B6
:107EB0002B6000F081FA060004E000F07DFA801BE0
:107EC0006428E9D82B683B42F7D12368B4E6012245
:107ED000074E0C4D336A93433362336A0332934344
:107EE000336200F069FA02230700984611E0C046A9
:107EF00000100240FFFFFEFFFFFFFBFF007000408D
:107F0000FFFFFFFE8813000000F056FAC01BA842D6
:107F1000C2D84246336A1A42F6D14B46012B68D08A
:107F20002368FFE601222B68022793432B6000F0B1
:107F300043FA060004E000F03FFA801B0228ABD8A9
:107F40002B681F42F7D12368A2E671490A6A1343DE
:107F50000B6200F031FA6E4B0600984602276D4D19
:107F600004E000F029FA801BA84295D843461B6A1A
:107F70001F42F6D0D1E70422654D02276B6B1343F5
:107F80006B636B6B033A93436B6300F015FA060067
:107F900005E000F011FA801B022800D97CE76B6B2A
:107FA0001F42F6D12368D2E6C0224B68520213402A
:107FB000934200D0D9E6564B5B6BDB0300D4EBE673
:107FC000236A012B00D018E7E6E66B6B524A802744
:107FD00013406B6300F0F0F97F02060005E000F04B
:107FE000EBF9801B022800D956E76B6B3B42F6D1B8
:107FF000D2E6474A4949D3690B40D361236891E6E9
:108000002B68474A802713402B6000F0D5F9BF0446
:10801000060005E000F0D0F9801B022800D93BE7FC
:108020002B683B42F6D10F22EB6A394E9343226B09
:108030001343EB62A16AE36A6A680B4339490A4059
:1080400013436B6080232A685B0413432B6000F0AA
:10805000B3F980250400AD0405E000F0ADF9001B84
:10806000022800D918E733682B42F6D00020C5E675
:108070000421274B1A6A0A431A621A6A03390A430F
:108080001A6266E7012B00D1B7E6C0226B68A16ACD
:108090005202E86A1A408A4200D0AEE60F22216BF3
:1080A00002408A4200D0A8E6F022E06A9203134020
:1080B000181A431E9841C0B2A0E60421144D0227AD
:1080C0006B6B0B436B636B6B13436B6300F074F967
:1080D000060005E000F070F9801B022800D9DBE6FD
:1080E0006B6B1F42F6D0F8216A6BA3698A43DB00F1
:1080F00013436B6323682AE68022054BD20219687A
:108100000A431A608022196852020A431A6082E503
:108110000010024088130000FFFFFEFFFFFFFFEF8B
:10812000FFFFFFFEFF7FC2FF70B516008022022313
:1081300088B0520002920393002203230492059315
:108140000023802290200B4C069363699202134314
:10815000636163690D001340019302A9C005019B8F
:10816000FEF776FB6168044B194031432943616097
:1081700008B070BD00100240FFFFFF8070B588B0EE
:1081800069460A001B4B31CB31C21B68136004AA3D
:108190001000194B70CB70C01B68184D03600C2089
:1081A0006B68184008280AD00C3843425841144BD9
:1081B00040421840134B9C46604408B070BD0F20ED
:1081C0009C0C04400C5DE96A0840115CC0228020D0
:1081D000520213404002834201D0934204D0094826
:1081E000F7F792FF6043E8E70748F7F78DFF604332
:1081F000E3E7C046A8C40008BCC400080010024061
:10820000005A620200127A00006CDC02F8B5CE4619
:10821000474604000D0080B500280DD001233F49DA
:108220000A681A40AA420CD20A689A432A430A6092
:108230000A681340AB4204D00120C0BCB946B04626
:10824000F8BD23689A070ED55A0705D5E0223449B0
:10825000D200486802434A60F02031494A688243AC
:10826000A06802434A60DB0724D562682C4B012AD0
:108270004AD0022A44D0032A4CD01B689B07DBD586
:108280000321274E73688B431343736000F094F807
:108290000C239846234B0700994604E000F08CF825
:1082A000C01B484534D8434672681A4063689B0037
:1082B0009A42F3D10121194A13680B40AB4205D908
:1082C00013688B43136013681942B5D123685B07A9
:1082D00006D5134A144953680B40E1680B435360B9
:1082E000FFF74CFF0E4B114A5B6811491B061B0F31
:1082F000D35CD8400860012000F01CF800209CE707
:108300001B689B01BCD497E71B689B03B8D493E719
:10831000032092E75B6BDB03B2D48DE700200240C1
:108320000010024088130000FFF8FFFF6CD0000827
:108330001800002070B50400FA200E4B8000197858
:10834000F7F7E2FE0C4D01002868F7F7DDFEFEF7B7
:1083500027F900280CD10130032C00D970BD023858
:1083600000222100FEF7D6F8044B00201C60F5E740
:108370000120F3E71C00002018000020200000204E
:108380001021064A10B5136801200B431360FFF754
:10839000D1FFFDF79FFD002010BDC0460020024028
:1083A000034A044B11681B785B1813607047C04682
:1083B000A01B00201C000020014B18687047C0461D
:1083C000A01B002070B50400FFF7F6FF0500631C3A
:1083D00002D0044B1B78E418FFF7EEFF401BA042CD
:1083E000FAD370BD1C00002044230022C252024A6E
:1083F000043BC2520020704780BFFFFF4022835AD7
:1084000002490B40835200207047C0467F40000065
:1084100084B00292039340220123835200238352AB
:10842000043283520C3283520191002004B0704711
:10843000F0B54646D6464F46C0B50C780500A300B9
:10844000C3181A888A48CE780240022E00D1DDE097
:108450003DD8002E00D1D3E08020C0000243002090
:108460008246844F84483A4392B21A801A888446DE
:10847000024022433A4392B21A800A7BE4002C194C
:10848000002A2DD1CA884F7852085200002F00D1FF
:108490008BE080205021C0008046695A0919414470
:1084A0000A801A88520605D561461A880A4073491F
:1084B0000A431A80012E00D1BFE01988704A11408A
:1084C000202251406B4A0A4392B21A8043E0032EA5
:1084D00000D0AFE0C020C000024300208246C0E7C9
:1084E0001A88684F024080203A431A805022C00008
:1084F000814690460F89AA5A7F0812194A447F0084
:10850000178042466048AA5A804612194C89424454
:108510006408640014804A78002A22D11A88520420
:1085200005D561461A880A4058490A431A801A88B4
:10853000520600D56DE01988554A514C1140C022B1
:1085400092014A404B490A4392B21A801A8822404B
:10855000114389B219805046E0BCBA46B146A846DC
:10856000F0BD1A88520405D561461A880A40474969
:108570000A431A801A88520605D51A883E490A40CD
:108580003E490A431A80012E5ED019883C4A1140A8
:1085900020225140374A0A4392B21A801A883C4935
:1085A0000A403C490A431A80D5E750273648EE5B1B
:1085B000844639483619664484463280EA5B096944
:1085C0001219624400292BD03E2944D801254C08B9
:1085D00029406418A402A4B214801A88520405D554
:1085E0001A8825490A4029490A431A801988284AC5
:1085F0001140C02292014A4026490A431A80AAE744
:10860000802080000243002082462AE70020824624
:1086100027E71A8818490A4018490A431A808AE746
:1086200011881E4C2140802411801188240221438E
:108630001180D2E70120824613E71A8810490A40C8
:1086400014490A431A8086E71A880D490A401149DD
:108650000A431A80A2E71F254C0929404D4269416F
:10866000641A0F49A402214389B21180B5E7C046BC
:108670008F89FFFF8080FFFF8F8FFFFFC08000008A
:10868000BF8FFFFF808100000404000080C0000055
:108690008FBFFFFF8080000006040000FF83FFFF04
:1086A0000080FFFF0B784A789B00097BC018038885
:1086B00000290CD1002A56D05B0600D562E0038861
:1086C000344A1340344A1343038000207047002A81
:1086D00024D15B0405D50388304A1340304A134344
:1086E000038003885B0605D503882C4A13402D4A76
:1086F000134303800388294A26491340294A134318
:1087000003800388284A1340284A13439BB20380FE
:1087100003880B401A4392B20280D6E75B0405D56A
:1087200003881E4A13401E4A1343038003885B06D6
:1087300005D50388194A13401A4A13430380038856
:10874000164A19491340164A134303800388114AF5
:108750001340164A13439BB2038003880B401A430D
:1087600092B20280B1E75B0405D503880B4A13403F
:108770000B4A1343038003880B4A1340064A1343F2
:108780000380A2E70388054A1340064A1343038087
:1087900095E7C046BF8FFFFF808000008F8FFFFFEF
:1087A00080C00000C08000008FBFFFFF8080FFFFFF
:1087B000F0B5DE4657464E464546E0B54B780200DA
:1087C0000C7B87B0012B61D0002C2FD0CC78022CF1
:1087D00000D193E10120012C51D188690C69002559
:1087E000A04201D9051B20008D61002B00D06CE157
:1087F0005026B74B955BD3185B19B64D0C78A8463D
:10880000E4001B199044002800D1DCE13E2800D987
:108810004BE10125470828403F18BF02BFB21F8027
:10882000935B43441B191F800B781CE088690B691C
:10883000984201D9C41A180050238C61A54CD55A0E
:108840000B781419DB0064191B19002800D194E07F
:108850003E2800D987E10125440828402418A402B5
:10886000A4B21C800B789B00D21811889A4B002070
:108870001940C0239B014B4098490B43138007B01C
:10888000F0BCBB46B246A946A046F0BD0F69886958
:10889000B84248D88025ED004B695519002C49D0C5
:1088A0000E78B400A446F4000194CC78022C6FD06A
:1088B00094446446248887B2640600D460E150245E
:1088C000145B019EA046834C14194444B0464444B2
:1088D00027804E890404240C013464087619002C86
:1088E0000BD064001C19F71A58781E780002DD19A5
:1088F000304302332880A342F6D1634678481B8870
:10890000034078480343604603800B7800209B00B7
:10891000D3181988744A114030225140734A0A43CF
:1089200092B21A80ABE78025ED0038004B695519EB
:10893000002CB5D1040487B2240CC8880134640823
:108940004019002C0FD06400C61A1C19944632003E
:10895000260058781C7800029D1820430233288096
:108960009E42F6D1624650235948D45A0B781018CB
:10897000DB0000191B181F80C7E718885C4C2040DB
:108980008024188018882402204318800B786AE716
:108990004F4E0C6AB04690444646A1460296A74206
:1089A00000D386E1944466463688B0464C4EB246C3
:1089B0004646544626404F4C2643644626804C4645
:1089C00086B2B1460604241A360CA3460C626446ED
:1089D000B4460126B046C44466467608B2463D4ECB
:1089E0002488B446944466460396640600D401E1A4
:1089F0005024019E145B6444B4464E466444268071
:108A00004C89A4465446AC44002C22D066466400EF
:108A1000A046F61AB446059010005E4698444246B9
:108A20008B461C00614680469C460496019E039737
:108A30006078237800026718184302343880A24215
:108A4000F6D1049C594663464246A346039F0598C7
:108A500001965C461B184B61201A5F4507D3A0B2F4
:108A600081462004000C0130400882460020086244
:108A7000029C5020A446105A019C6044A4464C46D7
:108A80006044048050460E897619002800D13CE7E6
:108A90004700DF19F61A58781D7800029C19284300
:108AA000023320809F42F6D12FE71F254709284037
:108AB0000500684268413F1A0F48BF02384380B240
:108AC0001880935B43441D1928800B78CBE6C04681
:108AD00002040000060400008FBFFFFF808000003A
:108AE0008F8FFFFF80C00000BF8FFFFF8080FFFFE0
:108AF000FF83FFFF808100000080FFFF002B1CD15F
:108B00005033C45A9846884B0878D3181B19874E9F
:108B10000C69C0001B189619002C3DD03E2C00D9C2
:108B2000F0E0012567082C403F19BF02BFB21F804B
:108B30004346D35AF3181B181F80CB69002BC4D0AF
:108B40000B787B4D9800101804882C40AC4202D062
:108B5000002C00D087E60388764C2340764C2343D4
:108B600003800B787FE61F25440928404542684171
:108B7000241A7248A402204380B218800B7872E64F
:108B80005024145B019EA046674C14194444B0461F
:108B9000444427800E899DE6694F1C88BC463C40B2
:108BA0001C801F88654C65462743BFB21F80434623
:108BB000D35AF3181B1818882840188018880443C3
:108BC000A4B21C80B9E75E4F1888BC4665463840A1
:108BD00018801F8859480743BFB21F80935B4344E6
:108BE0001B191C882C401C801C88204380B21880D4
:108BF0000B7838E6029E5024B446145B019E644410
:108C0000B4464E46644426800C89A4465446AC447F
:108C1000002C22D066466400A046F61AB4460590A1
:108C200010005E46984442468B461C0061468046D2
:108C30009C460496019E029760782378000267188C
:108C40001843023438809442F6D1049C5946634656
:108C50004246A346029F059801965C461B184B614D
:108C6000201A5F4507D3A0B281462004000C0130D2
:108C70004008824600200862039C5020A446105AF7
:108C8000019C6044A4464C466044048050464F8991
:108C90007F19002800D138E644001C19FF1A5878C3
:108CA0001E780002DD193043023328809C42F6D141
:108CB0002BE6604617183888224C2040224C20436F
:108CC0003880029C5020A446105A019C6044A4465F
:108CD0004C466044A6B2068024040F89240C01345B
:108CE00064087F19002C00D10FE664001C19FF1ADC
:108CF00058781E780002DD19304302332880A342E1
:108D0000F6D102E61F2567092C4025006C426C4114
:108D10003F1B0A4CBF023C43A4B21C804346D35ABB
:108D2000F6183618348008E7020400000604000034
:108D3000404000008F8FFFFFC08000000080FFFFD9
:108D4000FF83FFFF8F8EFFFF808000000B784A7843
:108D50009B00C018002A0AD002880A4B1A40102330
:108D60005A40094B13439BB203800020704702888E
:108D7000064B1A4080235B015340054A134303808E
:108D8000F3E7C046BF8FFFFF8080FFFF8FBFFFFF6D
:108D9000808000000B7B002B1AD10B784A789B0057
:108DA000C0180388002A15D05B0605D50388124A2F
:108DB0001340124A13430380CB78012B08D002885A
:108DC0000F4B1A4020235A400E4B13439BB2038093
:108DD000002070475B0405D50388074A13400A4A00
:108DE000134303800288094B1A40C0239B01534060
:108DF000074A13430380EBE78F8FFFFFC08000001B
:108E0000BF8FFFFF8080FFFF80C000008FBFFFFF8C
:108E100080800000402301220021C252433281524F
:108E2000413AC25200207047002902D14C238022CF
:108E3000C25200207047C04658228021835A09023E
:108E40000B438352002070475822835A5B045B0C0B
:108E5000835200207047C0464423C05A80B27047F6
:108E600030B58024E400A446013362445B088018D6
:108E7000002B0BD05A008A18451A4B780C781B022D
:108E800048192343023103808A42F6D130BDC046DF
:108E9000F0B58024E400A4466244801802005F0814
:108EA0000FD00C003D00461AA2191288013D92B263
:108EB0002270120A62700234002DF5D17F00C219AF
:108EC000C919DB0701D513880B70F0BDAF239B00D8
:108ED000C35870B5002B0ED0AE2280259200845866
:108EE000AD00605DFF2806D0044A9B682100A25CAB
:108EF0009847FF236355002070BDC0460102000063
:108F00004323038000487047680000204323038008
:108F100000487047AC00002043230380004870479E
:108F2000240000200A230380004870472801002005
:108F300070B5AE26B6000400855901F097F883237A
:108F40009B00E850A359002B0AD083239B00E9180B
:108F5000083BE858B833E358DB689847002070BDF9
:108F60000220FCE7F8B5AE239B00C75804000D00B3
:108F7000002F1DD00833C2588B005B189E00861945
:108F8000F069002806D0DB00D218916BF7F742F9A0
:108F9000002905D0852300229B00FA500020F8BD4F
:108FA000F161002300222900200001F043F8F5E7D9
:108FB0000220F4E7F0B5AE2383B06A469B00C658A2
:108FC0006B460500901D60220C00591D0023170000
:108FD0000B70038023781F401A421CD0202F06D02C
:108FE0002800210000F026FD022003B0F0BDE28839
:108FF0006078002A22D05BB2002B3ADAAF239B00C4
:10900000EB5831009B68984731002800E28800F057
:1090100043FD0020E9E763780A2B1FD00B2B16D005
:10902000002BDDD1A7239B00EB5C032BD8D10100E3
:109030000222280000F030FD0020D6E7AF239B007D
:10904000EB58002221009B6898470020CDE7A7231A
:109050009B00EB5C032BC3D10020C6E7A7239B003A
:10906000EB5C032BBCD10122280000F015FD002091
:10907000BBE780239B00F054034B31002800F254DF
:1090800000F020FD0020B0E70102000070B50400F0
:109090000026812100F07EFF01212000E66200F021
:1090A00079FFB623AE255B00E65082212000AD009B
:1090B00000F070FF63592664002B08D0AF239B009B
:1090C000E3585B689847605900F0DCFF6651002068
:1090D00070BDC04670B5037C0400002B3AD18023DC
:1090E000022281219B0000F045FF0123E3628023DF
:1090F0000222012120009B0000F03CFFB623012545
:109100005B00E550653BFF3B03228221200000F01D
:1091100031FF87202564800000F0B0FFAE239B0064
:10912000051EE0502ED00433E3581B689847852273
:1091300000239200AB500432AB50237C002B17D19C
:1091400081239B00EA5801212000043B00F080FFAE
:10915000002070BD40230222812100F00BFF01237B
:109160000222E362012120003F3300F003FFC5E744
:1091700081239B00EA58C53B01212000FF3B00F002
:1091800067FFE5E70120E4E7002904D0AF239B0057
:10919000C150002070470220FCE7C046AE239B0070
:1091A000C3588220800019508421890000205A5021
:1091B0007047C046AE239B00C258B43B0020D1503C
:1091C0007047C046AE239B00C25810B50400002A69
:1091D00014D0A43BD1580120002900D010BD822119
:1091E000D050043BD358890052588839236320005B
:1091F0009BB2FF3900F01EFF0020EFE70220EDE7F1
:10920000AE239B00C35810B5002B11D081229200D1
:109210009A58037C002B06D1802301219B0000F08B
:1092200017FF002010BD4023012100F011FFF8E7D7
:109230000220F7E710B5002814D0AD239B00C458D6
:10924000002C01D00024C450002902D0AC239B0084
:10925000C150A72301219B00C154027000F01CFEE5
:10926000002010BD0220FCE7A723012210B5040056
:109270009B00C2541833C35801795B68984720009B
:1092800000F06AFE200000F04BFE002010BDC0463A
:10929000002904D0AD239B00C1500020704702205C
:1092A000FCE7C04610B500F049FE002010BDC046E6
:1092B000AD2310B504009B00C35801795B68984743
:1092C000200000F049FE002010BDC046AD239B00E9
:1092D000C35810B5002B05D01B689847431E984112
:1092E000400010BD0220FCE7AD2310B59B00C35821
:1092F0005B689847002010BDAA239B0070B5C51875
:109300000400280000F082FBA52301229B00E2500C
:10931000114BE25A163BE2501033E15C1F230B4025
:10932000012B0ED0022B07D0002B0FD129002000DB
:1093300000F022F9002070BD2900200000F0BEFAE4
:10934000F8E72900200000F08BFAF3E77F232000E4
:10935000994300F02DFEEDE7AE02000010B51300BA
:109360000400002908D1A52080002258032A13D028
:10937000052A23D000200EE0AD239B00C3589B6933
:10938000002B07D0A7229200825C032A02D19847C3
:10939000002000E0022010BD20005530FF30C168E1
:1093A0000269914211D9891AC1608A421DD892B2CC
:1093B0001900200000F098FB0020ECE7215000216C
:1093C000200000F0F5FD0020E5E7AD239B00E35809
:1093D0001B69002B04D0A7229200A25C032A06D0AE
:1093E000200000F089FB0020D5E78AB2E0E72000EA
:1093F0009847F5E7F8B504001300002911D1A5221C
:1094000092008258022A1ED004239A4302D180215E
:1094100000F0CEFDA8239B00E25C012A10D00020C2
:10942000F8BDAD239B00C3585B69002B06D0A72273
:109430009200825C032A01D19847F0E70220EFE70F
:109440000022E254EBE7026A456AAA4227D8C769BC
:1094500029003800F6F7DEFE0E1E0DD1BD420BD8F6
:10946000A625AD0063599F4206D2002200212000AC
:1094700000F020FB665118E0AD239B00E358DB6849
:10948000002B04D0A7229200A25C032A14D08021D2
:10949000200000F08DFD200000F03AFBBAE7521BDF
:1094A0000262190092B200F005FB002300220021A5
:1094B000200000F0CDFDADE720009847E7E7C0466B
:1094C00070B5402300220021040000F053FDAC23BE
:1094D000012540265B00E5500C33E650253B002279
:1094E000FF3B8021200000F045FDA723A5229B0023
:1094F000A5616662E55400239200A35010326360B8
:10950000A350AE239B00E358002B06D0AD239B0055
:10951000E358002120005B689847002070BDC046DA
:10952000017400207047C046A7239B00C15C034A1A
:1095300081540422C25400207047C0469D0200009E
:10954000A7239B00C25C042A02D1024A825CC25457
:10955000002070479D020000A72310B59B00C35C4C
:10956000032B01D0002010BDAD239B00C358DB6945
:10957000002BF7D09847F5E760230A7870B51340C1
:109580000D001900C0222039040082B0114213D00E
:10959000002B0AD08021200000F00AFD00212000CD
:1095A00000F006FD002002B070BD6B78092BF1D8E9
:1095B000A64A9B00D3589F46AD239B00C358290061
:1095C0009B689847EEE7AB78A14D2B70012BE1D853
:1095D000A7218900425C022A00D11AE1032A00D1A6
:1095E00005E1802100F0E4FC0021200000F0E0FC17
:1095F00020002978FFF778FED4E7A7239B00C35CFF
:10960000013B022BC6D8EB88022BC3D1A9239B00B8
:10961000C35801005A42534101225B429343033332
:10962000C3600C31013200F037FABBE7A7239B007F
:10963000C35C013B022BADD86B88012BB2D1A923AF
:1096400000229B00C250200000F056FAAAE76B8867
:10965000012BA7D1A9229200835000F04DFAA1E777
:10966000AB88002B00D095E7EB88002B00D091E76A
:109670006D887F2D00D98DE7A726B600825D032A6D
:1096800000D187E7734BEDB22900C55400F0C4FC4C
:10969000200000F031FA002D00D1D4E00223A355C0
:1096A00080E700236A46D3806A88130A072B00D913
:1096B00070E769499B00CB589F46EB88012B00D08F
:1096C00068E7A7239B00C35C022B00D987E0002B2F
:1096D00000D15FE70023010001228360083100F020
:1096E000DBF95FE7037C002B00D053E7AD236A462C
:1096F0009B00C358901D1B6B9847072343706B4614
:10970000DA88EB88002A0DD0002B9CD0111C9A42DD
:1097100000D9191C6B468AB2D9800100200000F0E4
:10972000BBF9EB88002B00D03CE78CE7037C002BD7
:1097300000D02FE7AD236A469B00C358901D5B6B9A
:109740009847DCE7D2B2052A00D923E7434B9200C1
:109750009B589F46AD23027C9B00C358002A66D1CC
:109760009B6A6A46901D984702234370C7E7AC2363
:109770006A469B00E358911D1B68007C9847BEE732
:10978000AC239B00C3585B69002B00D102E76A46FB
:10979000207C911D9847B2E7AC239B00C3581B69FE
:1097A000002BF4D1F6E6AC239B00C358DB68002BFA
:1097B000EDD1EFE6AC239B00C3589B68002BE6D1AC
:1097C000E8E6AC239B00C3585B68002BDFD1E1E6E1
:1097D000AC239B00C3589B69002BD8D1DAE6032B3E
:1097E00000D0D7E60122011D00F056F9DAE6002B81
:1097F0001FD04168012900D125E7C9B2FFF774FDE8
:10980000297820006160FFF761FD022800D01AE787
:10981000C0E6002B00D116E7012343600233435416
:109820000121FFF753FD022800D00CE7B2E6DB6A06
:1098300097E70222425400214360FFF755FD2000C4
:1098400000F05AF9AEE60123A355ABE67CD0000840
:10985000A41B00209E020000A4D00008C4D0000871
:1098600060220B7870B51A4004000D005B060BD522
:10987000402A09D08021200000F09AFB002120001E
:1098800000F096FB002070BDA7239B00E35C013B2A
:10989000022BEFD82B79012BECD8AD239B00E3589A
:1098A00029009B6820009847EB88002BEAD100280C
:1098B000E8D1200000F020F9E4E7C04660230A78F0
:1098C00070B513401C00C022203C0500888814425B
:1098D0003DD0002B09D08021280000F069FB002139
:1098E000280000F065FB002070BD4B78C2B2012B50
:1098F00048D0032B32D0002BEDD1A7239B00EB5C8B
:10990000022B5BD0032BE6D10F2111408B005B189B
:109910009B00EB18000662D45933FF331B68002B01
:10992000D9D09400A418A4005534FF342C19002A6F
:1099300062D01100280000F057FB002864D00123FA
:10994000236002222100280000F0A6F8CBE7AD2317
:109950009B00EB5828009B689847C4E7A7239B000F
:10996000EB5C022B1ED0032BB5D14B88002B15D1FD
:10997000530613D0CB88002B10D11100280000F023
:1099800017FB0BE0A7239B00EB5C022B0AD0032BF9
:10999000A1D14B88002BA6D1530630D1280000F06E
:1099A000ABF8A0E7530600D195E71100280000F0BE
:1099B000FFFA8021280000F0FBFA94E7520600D05D
:1099C00089E729005531FF31000601D54139FF39BA
:1099D0000023022228000B6000F05EF883E79B69F9
:1099E000002B00D177E77F23134001339C00E4185C
:1099F000A4002C19802A9CD100232360A1E7110028
:109A0000280000F0E3FAC9E720609AE70B780370BA
:109A10004B784370CB788A781B02134343804B7991
:109A20000A791B0213438380CB798A791B02134383
:109A3000C380704710B50400802100F0B9FA0021FE
:109A4000200000F0B5FA10BD70B504000D0016003E
:109A500000281DD00378002B1BD00130F6F70EFE36
:109A60000130C3B201335B00DAB2338003232A70C2
:109A70006B70207800280BD00021013B5A1CD2B219
:109A8000E8540134A95420780233DBB20028F5D120
:109A900070BD02220223E8E71300A52210B50224BC
:109AA000920084500A00C3610021036200F0C2FAF0
:109AB000002010BD10B513000A00002100F0BAFA12
:109AC000002010BD1300A52210B50324920084507D
:109AD000393AFF3A8350043283500A00002100F0E3
:109AE000B7FA002010BDC04610B513000A000021CF
:109AF00000F0AEFA002010BDA523042210B59B0093
:109B0000C25000210023002200F094FA002010BD72
:109B1000A523052210B59B00C2500021002300227E
:109B200000F096FA002010BD10B51A4C002220005B
:109B30001949FFF77FFB002811D120001749FFF7D3
:109B4000A7FB002813D120001549FFF71DFB0028B3
:109B500015D12000FFF7A6FB002817D110BDFCF798
:109B6000B7F920000D49FFF793FB0028EBD0FCF775
:109B7000AFF920000A49FFF707FB0028E9D0FCF7FE
:109B8000A7F92000FFF78EFB0028E7D0FCF7A0F92B
:109B9000E4E7C046A81B002078010020F000002068
:109BA00034010020002070470020704710B5064C9B
:109BB000002220000549FFF7F1FA20000449FFF7D1
:109BC000F9FA002010BDC046A81B00206C1E002022
:109BD00054220020AE2210B5084C92000300A05879
:109BE000A43A82580120002A07D10A002000190057
:109BF000FFF7D4FA2000FFF7E5FA10BDA81B0020FC
:109C000070B504000D00084E01003000FFF7D2FAD5
:109C100020002968F8F7CAFF002801D1002070BD94
:109C20003000FFF7EDFAF9E7A81B002010B5EFF3BD
:109C3000108472B6064B1A78002A02D184F3108879
:109C400010BD002203481A70FFF7DAFAF6E7C046A3
:109C50003C260020A81B0020122301480B807047DF
:109C600064010020042301480B807047600100203C
:109C700010B5044C0A0021000348FFF7E5FE200060
:109C800010BDC04640260020D0C4000810B5044CCA
:109C90000A0021000348FFF7D7FE200010BDC04690
:109CA00040260020E8C4000810B5044C0A0021003A
:109CB0000348FFF7C9FE200010BDC0464026002023
:109CC000F4C4000810B5044C0A0021000348FFF753
:109CD000BBFE200010BDC0464026002000C5000885
:109CE000F0B51A23C6461A4A00B50B80194B126804
:109CF0001B689B18002B03D1174880BCB846F0BDE9
:109D0000102100251448154A8846146801000200F5
:109D1000AC4680441D0F2E003736092D00D8073E73
:109D200065468E70CD7002311B018845F2D1070067
:109D300000260837230F19003731092B00D80739BF
:109D40009174D674023224019742F3D1D5E7C0460C
:109D5000B4F7FF1FACF7FF1F44010020B0F7FF1F4F
:109D600000B50D4B026883B09A4201D003B000BD2C
:109D700080210A4B0904DA691F200A43DA61DB6992
:109D800000220B4001930121019BFCF7C3FB1F2024
:109D9000FCF7EAFBEAE7C046005C00400010024026
:109DA000074B026810B59A4200D010BD054A06491B
:109DB000D3691F200B40D361FCF7E2FBF5E7C046F7
:109DC000005C004000100240FFFF7FFFAC2310B595
:109DD0009B00C1184033C058FFF78EFA10BDC04633
:109DE0008B005B18DB00C3187D33FF331A68BC237C
:109DF00010B59B00C058FFF7B1FA10BD8B005B187F
:109E0000DB00C318DA6BBC2310B59B00C058FFF70A
:109E1000F1FA10BDBC2310B59B00C058FFF79CFBA6
:109E200010BDC046836870B50400022B01D0FCF75A
:109E30004FF8BC25AD0001216059FFF771FB605957
:109E4000FFF73EFB70BDC046BC2310B504009B006D
:109E5000C058FFF769FBA369002B04D00621024A12
:109E600013690B43136110BD00ED00E0836910B569
:109E70000400002B05D1BC239B00E058FFF760FBDA
:109E800010BD0621034A13698B431361F7F780FE67
:109E9000F1E7C04600ED00E0BC2370B504001E48A9
:109EA0009B00C450303BE0501C4B00220360082351
:109EB0004360063B8360036100238261C36100232A
:109EC0000362FCF7B1FE002823D1B025AD00605934
:109ED000182300220021FCF773FE6059582300224A
:109EE0008021FCF76DFE6059C02300228121FCF720
:109EF00067FE88236059002201215B00FCF760FEA9
:109F000080236059002282215B00FCF759FE00206B
:109F100070BDFBF7DDFFD8E7602A0020005C004041
:109F2000B0239B0010B5C058FCF7ECFE002803D00E
:109F30000238431E9841013010BDC046B0239B003B
:109F400010B5C058FCF7F4FE002803D00238431EB9
:109F50009841013010BDC046B0239B0010B5C058D9
:109F6000FCF7FCFE002803D00238431E9841013064
:109F700010BDC04610B514001A00B0239B00C05895
:109F80002300FDF719FC002803D00238431E984136
:109F9000013010BDB0239B0010B5C058FDF742FC46
:109FA000002803D00238431E9841013010BDC0463E
:109FB000B0239B0010B5C058FDF7ACFC002803D0BF
:109FC0000238431E9841013010BDC046B0239B00AB
:109FD00010B5C058FDF7D8FC002803D00238431E46
:109FE0009841013010BDC046B0234AB29B00C3580F
:109FF000002A07DB8A005218D2009B186B33FF330C
:10A00000187870477F220A40013291008A18D200E6
:10A010009B189878F5E7C046B0239B0010B5C05850
:10A02000FDF7B6FB002803D00238431E98410130EB
:10A0300010BDC04610B5B024A4000059FDF74CFC7B
:10A04000002803D00238431E9841013010BDC0469D
:10A0500010B5B024A4000059FDF716FC002803D069
:10A060000238431E9841013010BDC046B02310B5E0
:10A070009B00C058FDF726FC10BDC0460048704745
:10A08000402800207047C0460CB430B5184B0C0077
:10A090001D689DB0002908DA8B2301202B60404207
:10A0A0001DB030BC08BC02B0184782236A469B0032
:10A0B0009382002302901B930690994200D04B1E7E
:10A0C0000493079301236A465B42D382280021ABA5
:10A0D000209A02A9019300F015FA431C01DA8B23A0
:10A0E0002B60002CDCD00022029B1A70D8E7C046FF
:10A0F0009401002030B50500140008001A009BB040
:10A10000002C05DA8B2301202B6040421BB030BDB0
:10A11000822369469B008B81002100901991049055
:10A120008C4200D0611E01230291059169465B4279
:10A13000CB8128001E9B00F0E5F9431C01DA8B233C
:10A140002B60002CE2D00022009B1A70DEE700009A
:10A1500013B5044C009313000A0001002068FFF7B8
:10A16000C9FF16BD9401002030B500240139A24278
:10A1700001D1002005E0035D01340D5DAB42F6D056
:10A18000581B30BD03008218934200D170471970EC
:10A190000133F9E730B50500101E0BD00024013A59
:10A1A0002B5D085D834204D1944202D00134002B20
:10A1B000F6D1181A30BD030030B51D00002A06D0B4
:10A1C0000C78013A01332C700131002CF5D10021BB
:10A1D0009A18934200D130BD19700133F9E700009D
:10A1E000014B18687047C0469401002070B50026E6
:10A1F0000C4C0D4D641BA410A64209D1002600F0A2
:10A2000063FC0A4C0A4D641BA410A64205D170BD24
:10A21000B300EB5898470136EEE7B300EB58984788
:10A220000136F2E718D1000818D100081CD1000847
:10A2300018D1000870477047002310B59A4200D12A
:10A2400010BDCC5CC4540133F8E7000070B50500C4
:10A250000C1E10D0043C2368002B00DAE418280000
:10A2600000F0E0F81D4A1368002B05D1636014600C
:10A27000280000F0DFF870BDA34208D9206821183B
:10A280008B42F3D119685B6809182160EEE71A0068
:10A290005B68002B01D0A342F9D911685018A04285
:10A2A0000BD120680918501811608342E0D118685A
:10A2B0005B68411811605360DAE7A04202D90C23B1
:10A2C0002B60D5E7206821188B4203D119685B68A1
:10A2D0000918216063605460CAE7C046982E0020C8
:10A2E00070B50F4E0D0031680400002902D100F056
:10A2F00095FB30602900200000F090FB431C03D147
:10A3000001256D42280070BD0323C51C9D43A84252
:10A31000F8D0291A200000F081FB0130F2D1EFE7DC
:10A32000942E0020F7B50322CB1C9343083305007D
:10A330001F000C2B34D20C27B94233D8280000F070
:10A3400071F8374E33681C00002C2FD139002800DB
:10A35000FFF7C6FF0400431C5FD134680094009BE4
:10A36000002B4AD1002C52D023682800E318009912
:10A37000019300F053FB019B834248D123682800DE
:10A38000FF1A3900FFF7ACFF013040D02368DB191A
:10A39000236033685A68002A33D1009B336019E088
:10A3A000002BC9DA0C232B600020FEBD2168C91BDD
:10A3B00020D40B290AD9E2192760A34204D13260C4
:10A3C00063681160536005E05A60F9E76268A34270
:10A3D0000ED13260280000F02DF8200007220B304B
:10A3E000231D9043C21A9842DFD01B1AA350DCE70A
:10A3F0005A60EFE723006468A6E7009C6368009357
:10A40000ADE71A005B68A342FBD10023DAE70C2317
:10A4100028002B6000F00EF8C6E70760DAE7C046B8
:10A42000982E002010B50248FFF704FF10BDC0466B
:10A43000902E002010B50248FFF7FDFE10BDC0466B
:10A44000902E0020F0B58E6885B01F000C000B68C0
:10A4500002900392BE4230D80C21625E9021C90066
:10A460000A4228D0032021695B1A019363694343A0
:10A470000198DD0FED187B1C1B186D10AB4200D945
:10A480001D00520528D529000298FFF74BFF061E34
:10A490002CD0019A2169FFF7CFFEA289184B1A40F0
:10A4A00080231343A381019B2661F61826603E009A
:10A4B0006561ED1AA560BE4200D93E0032000399E5
:10A4C000206800F099FA0020A3689B1BA360236812
:10A4D0009B19236005B0F0BD2A00029800F0BBFA7A
:10A4E000061EE0D121690298FFF7B0FE0C2301207F
:10A4F000029A40421360A28934331343A381E9E7EF
:10A500007FFBFFFFF0B5A1B003901D008B890F000A
:10A5100016001B0611D50B69002B0ED14021FFF749
:10A5200001FF38603861002805D10C23039A1360BD
:10A5300001204042CFE040237B61002308AC6361EF
:10A54000203363761033A376079535002B78002BE4
:10A5500001D0252B48D1AB1B0593B5420BD032005F
:10A5600039000398FFF76EFF013000D1AEE0636958
:10A57000059A9B1863612B78002B00D1A6E001227D
:10A5800000235242626004A9543252186E1C2360A8
:10A59000E360A3601370A365544B05221800317863
:10A5A000059300F04DFA751C00281FD12268D306D0
:10A5B00004D5532304A95B1820211970130704D56F
:10A5C000532304A95B182B21197033782A2B16D03A
:10A5D000350000210A20E3682A786E1C303A092AE7
:10A5E00050D9002911D117E00135AFE7059B22684A
:10A5F000C01A0123834013432E002360CCE7079B3E
:10A60000191D1B680791002B01DB0B9304E05B42D3
:10A61000E3600223134323602B782E2B0CD16B783D
:10A620002A2B34D1079B02351A1D1B680792002B79
:10A6300001DA01235B4209932D4E03223000297871
:10A6400000F0FEF9002806D04023801B83402268DA
:10A650000135134323602978062226486E1C217693
:10A6600000F0EEF9002838D0234B002B22D107222E
:10A67000079B07339343083307936369049A9B1836
:10A68000636162E74343350001219B18A4E700237F
:10A690000A201900013563602A786E1C303A092AB5
:10A6A00003D9002BC8D00991C6E7414335000123E7
:10A6B0008918F1E707AA009221003A000F4B03988E
:10A6C00000E000BF0490049B0133D6D1BB890D98F4
:10A6D0005B0600D52CE721B0F0BD07AA009221004F
:10A6E0003A00064B039800F07BF8EBE7DCD000085B
:10A6F000E2D00008E6D000080000000045A40008F1
:10A70000F7B5160001938A680B690C00009093421C
:10A7100000DA13002200336043321278002A01D09D
:10A720000133336023689B0602D5336802333360FC
:10A730002268062315001D401A4227D02300433308
:10A740001B785A1E93412268920630D42200019948
:10A750000098089D4332A847013025D0062223687F
:10A7600000251340042B05D13368E568ED1AEB434F
:10A77000DB171D40A3682269934201DD9B1AED1887
:10A780000026B54220D1002010E00135E368326890
:10A790009B1AAB42D2DD2200012301990098089F49
:10A7A0001932B8470130F0D101204042FEBD3020BF
:10A7B000E1184331087021005A1C45310978A2186C
:10A7C000433202331170C1E722000123019900983E
:10A7D000089F1A32B8470130E6D00136D1E70000B1
:10A7E000F0B58BB006920A004332079305900392AE
:10A7F0000A7E0C00109B782A09D8622A0BD8002AFE
:10A8000000D1BAE07A490491582A00D18EE025009F
:10A8100042352A7022E0100063381528F7D8F5F782
:10A8200035FF16001F00F6FFF6FFF6FFF6FF1F00CC
:10A83000F6FFF6FFF6FFF6FF9F0036007E00F6FFFC
:10A84000F6FFB000F6FF3600F6FFF6FF82002500A7
:10A850001A684235111D196013682B7001239EE0A0
:10A8600018680968021D0D060BD506681A60002ECF
:10A8700003DA2D23039A764213705D4B0A27049363
:10A8800018E006681A604906F1D536B2EFE70868A5
:10A89000196840C9050602D4400600D5B6B2196051
:10A8A000534B0A2704936F2A00D1023F2300002252
:10A8B00043331A706368A360002B06DB042122680F
:10A8C000039D8A43226033430CD0039D300039003E
:10A8D000F5F7A0FC049B013D5B5C2B703300060088
:10A8E0009F42F3D9082F09D12368DB0706D5626898
:10A8F00023699A4202DC3023013D2B70039B5B1BD2
:10A900002361079B210000930598069B09AAFFF786
:10A91000F7FE013048D1012040420BB0F0BD2022AB
:10A9200009680A43226078223249049121004531A6
:10A930000A701968226840C9100602D4500600D572
:10A94000B6B21960D30702D5202313432360002E2B
:10A9500001D01027AAE72022236893432360F8E759
:10A960001A680D68101D4969186013682E0601D514
:10A97000196002E06D06FBD519800023039D236159
:10A98000BFE71A68111D1960156800212800626868
:10A9900000F056F8002801D0401B60606368236116
:10A9A0000023039A1370ACE72A00236906990598DF
:10A9B000079DA8470130AED023689B0715D4099B9B
:10A9C000E0689842A9DA1800A7E722000123069957
:10A9D0000598079E1932B04701309CD00135E368D5
:10A9E000099A9B1AAB42F0DCE9E70025F7E7C0467D
:10A9F000EDD00008FED0000810B5884202D98B18AF
:10AA0000984208D300239A4207D0CC5CC454013347
:10AA1000F9E78B5C8354013AFBD210BD002370B57B
:10AA2000064D040008002B60FBF734FB431C03D1E8
:10AA30002B68002B00D0236070BDC0468C2E0020F8
:10AA4000C9B28218904201D10020704703788B422E
:10AA5000FBD00130F6E7F7B506000C001500002921
:10AA600005D11100FFF75EFC04002000FEBD002AA6
:10AA700003D1FFF7EBFB2C00F7E700F01CF8070011
:10AA8000854202D84308AB42EFD329003000FFF7DC
:10AA900049FC0190002801D1019CE6E72A00BD4253
:10AAA00000D93A0021000198FFF7C6FB21003000D1
:10AAB000FFF7CCFBF0E70B1F1B68181F002B01DA18
:10AAC0000B58C01870470000F8B5C046F8BC08BC69
:10AAD0009E467047F8B5C046F8BC08BC9E46704715
:10AAE00024C3000844C3000864C3000884C30008EA
:10AAF000A4C30008C4C30008E8C20008E8C20008F4
:10AB0000F4C2000800C300080CC3000818C3000802
:10AB1000010000000A00000064000000E8030000DB
:10AB200010270000A0860100556E6B6E6F776E00D7
:10AB3000427261696E6675696E6F2044656D6F0063
:10AB40002144554D503A53544152543A25753A25B3
:10AB5000733A256C750D0A000D0A2144554D503A83
:10AB6000454E440D0A000000507265737320616EFB
:10AB700079206B657920746F2072657475726E2010
:10AB8000746F206C696272617279206D656E752ECA
:10AB90002E2E0D0A000000005B436C6F636B3A20A1
:10ABA00025735D00252D3138730000001B5B731B7E
:10ABB0005B326D25731B5B306D1B5B750000000005
:10ABC0001B5B324A1B5B480D0A0000002B2D2D2D0C
:10ABD0002D2D2D2D2D2D2D2D2D2D2D2D2D2D2D2DA5
:10ABE0002D2D2D2D2D2D2D2D2D2D2D2D2D2D2D2D95
:10ABF0002D2D2D2D2D2D2D2D2D2D2D2D2D2D2B0DA7
:10AC00000A0000007C20202020202020202020205E
:10AC1000204144442050524F4752414D20544F2030
:10AC20004C494252415259202020202020202020EF
:10AC30002020202020207C0D0A000000456E746535
:10AC4000722070726F6772616D206E616D65202871
:10AC50006D61782031352063686172732C206F72CA
:10AC60002045534320746F2063616E63656C293AFD
:10AC70000D0A3E20000000007C2020202020202003
:10AC8000202020425241494E4655494E4F20434FC5
:10AC90004E46494755524154494F4E204D454E5519
:10ACA000202020202020202020207C0D0A000000D1
:10ACB0007C2020557365205B55702F446F776E5D47
:10ACC0002026205B456E7465725D2C206F722074A7
:10ACD000797065205B312D352C20305D20202020BF
:10ACE00020207C0D0A0000007C201B5B376D3E207D
:10ACF000252D32387320252D313073203C1B5B30DD
:10AD00006D207C0D0A0000007C202020252D32388B
:10AD10007320252D3130732020207C0D0A00000087
:10AD20007C202048617264776172653A2053544DEB
:10AD3000333246303732207C20506172616C6C6552
:10AD40006C20524F4D3A20323536206B4220202065
:10AD500020207C0D0A00000053656C656374206F31
:10AD60007074696F6E206F722075736520617272E6
:10AD70006F7773202B20456E7465723A20000000B7
:10AD8000454E41424C45440044495341424C4544A0
:10AD9000000000005B2D5D2B5B5D00004E4F4E45BB
:10ADA00000000000506755702F446E0055702F440E
:10ADB0006F776E002B202F202D00000031303020C7
:10ADC0005469636B73000000537061636562617264
:10ADD0000000000054616200456E7465720000005E
:10ADE000542E205374657020416476616E63652033
:10ADF0005469636B7320202020200000312E2041F5
:10AE000075746F2D50726F6772616D206F6E205078
:10AE10006173746520200000322E205061737465C8
:10AE20002055706C6F6164205468726573686F6C34
:10AE300064200000332E204175746F2D52657365B8
:10AE40007420616674657220466C6173682000002E
:10AE5000342E20417070656E6420456E646C65739D
:10AE600073204C6F6F70202020200000352E20466C
:10AE700050474120436C6F636B2046726571756566
:10AE80006E63792020200000362E205072756E658A
:10AE9000206E6F6E2D4246206F6E20506173746578
:10AEA00020200000372E205072756E65206E6F6E68
:10AEB0002D424620696E204C6962726172790000F1
:10AEC000382E2053657269616C20496E707574204C
:10AED0004352202D3E204C4620200000392E205287
:10AEE000756E204D6F646520537065656420486FF2
:10AEF000746B657973200000412E204D616E756181
:10AF00006C205374657070696E67204D6F646520A6
:10AF100020200000302E204261636B20746F204D92
:10AF200061696E204D656E75202020202020000074
:10AF3000432E2053746570205472696767657220D0
:10AF40004B65792020202020202000007C2020201C
:10AF500020202020202020425241494E4655494E73
:10AF60004F2048415244574152452053455454497B
:10AF70004E475320202020202020202020207C0D00
:10AF80000A0000007C2020557365205B55702F441B
:10AF90006F776E5D2C205B4C6566742F5269676815
:10AFA000745D2C206F72205B456E7465725D20208D
:10AFB0002020202020207C0D0A0000005B20252D71
:10AFC0003873205D000000005B20202025326C7566
:10AFD00020422020205D00005B2020252D3673209C
:10AFE000205D00005B2020204241434B2020205D5B
:10AFF000000000007C201B5B376D3E202573203A4B
:10B0000020252D313273203C1B5B306D207C0D0AD6
:10B01000000000007C2020202573203A20252D31BF
:10B0200032732020207C0D0A000000007C202020AC
:10B03000202020202020202020425241494E4655E9
:10B04000494E4F2050524F4752414D204C49425299
:10B0500041525920202020202020202020207C0D1B
:10B060000A0000007C205B456E7465722F455D20F0
:10B0700052756E205B415D20416464205B442F4427
:10B08000656C5D2044656C205B422F305D20426121
:10B09000636B202020207C0D0A00000025336C7596
:10B0A0002042000025326C752E25316C756B4200F4
:10B0B0007C201B5B376D3E20253032642E20252DF1
:10B0C00032387320205B2537735D203C1B5B306D6D
:10B0D000207C00007C202020253032642E20252D6D
:10B0E00032387320205B2537735D2020207C0000E0
:10B0F0007C201B5B376D3E205B202B20416464204D
:10B100004E65772050726F6772616D205D20202040
:10B11000202020202020202020202020202020202F
:10B12000202020203C1B5B306D207C007C202020D8
:10B130005B202B20416464204E65772050726F673E
:10B1400072616D205D2020202020202020202020E2
:10B1500020202020202020202020202020207C00B3
:10B160007C201B5B376D3E20302E204261636B20BC
:10B17000746F204D61696E204D656E752020202012
:10B18000202020202020205B2020204241434B20F3
:10B1900020205D203C1B5B306D207C007C2020202B
:10B1A000302E204261636B20746F204D61696E20E8
:10B1B0004D656E752020202020202020202020207A
:10B1C000205B2020204241434B2020205D207C003A
:10B1D0007C20204C6962726172793A2025326420A9
:10B1E0002F2036332050726F6772616D73207C2080
:10B1F000557365643A2025326C752E25316C7520A7
:10B200002F203736206B42207C0D0A0053656C6579
:10B2100063742070726F6772616D205B456E746538
:10B22000722F453D52756E2C20442F44656C3D4471
:10B23000656C6574652C20423D4261636B2C204136
:10B240003D4164645D3A2000313020487A000000BE
:10B25000214D454E553A53544152543A31330D0A1B
:10B2600000000000303B464F4C4445523B303B45CC
:10B270007865637574696F6E202620436C6F636B0D
:10B280000D0A0000313B464F4C4445523B303B4198
:10B2900075746F2D50726F6772616D6D696E670D99
:10B2A0000A000000323B464F4C4445523B303B497C
:10B2B0006E7075742026205374657020436F6E7411
:10B2C000726F6C0D0A000000333B464F4C444552F0
:10B2D0003B303B53797374656D20436F6D6D616EC8
:10B2E00064730D0A0000000031303B53454C454368
:10B2F000543B303B4650474120436C6F636B2046C4
:10B3000072657175656E63793B25753B00000000C1
:10B31000257325730000000031313B53454C4543F4
:10B32000543B303B52756E204D6F646520486F74FE
:10B330006B6579733B25753B4E4F4E453B506755CA
:10B34000702F5067446E3B55702F446F776E3B2BC8
:10B35000202F202D0D0A000031323B544F47474C1F
:10B36000453B313B4175746F2D50726F6772616D53
:10B37000206F6E2050617374653B25753B444953C3
:10B3800041424C45443B454E41424C45440D0A0028
:10B390003B00000031333B53454C4543543B313B6C
:10B3A0005061737465205468726573686F6C643B98
:10B3B00025753B342042797465733B38204279749B
:10B3C00065733B31362042797465733B33322042DA
:10B3D000797465733B36342042797465730D0A00C5
:10B3E00031343B544F47474C453B313B4175746FBB
:10B3F0002D526573657420616674657220466C61B8
:10B4000073683B25753B44495341424C45443B4599
:10B410004E41424C45440D0A0000000031353B547A
:10B420004F47474C453B313B417070656E64204C43
:10B430006F6F70205B2D5D2B5B5D3B25753B444939
:10B440005341424C45443B454E41424C45440D0A14
:10B450000000000031363B544F47474C453B313BE1
:10B460005072756E65206E6F6E2D4246206F6E2095
:10B4700050617374653B25753B44495341424C45CB
:10B48000443B454E41424C45440D0A0031373B5444
:10B490004F47474C453B313B5072756E65206E6F90
:10B4A0006E2D424620696E204C6962726172793B52
:10B4B00025753B44495341424C45443B454E41422E
:10B4C0004C45440D0A00000031383B544F47474C6F
:10B4D000453B323B53657269616C20496E707574EF
:10B4E00020435220746F204C463B25753B44495302
:10B4F00041424C45443B454E41424C45440D0A00B7
:10B5000031393B544F47474C453B323B4D616E759B
:10B51000616C205374657070696E67204D6F64654F
:10B520003B25753B44495341424C45443B454E41C4
:10B53000424C45440D0A000032303B53454C4543D4
:10B54000543B323B5374657020416476616E636591
:10B55000205469636B733B25753B31205469636BE1
:10B560003B3130205469636B733B31303020546978
:10B57000636B733B312C303030205469636B733B09
:10B5800031302C303030205469636B733B313030B4
:10B590002C303030205469636B730D0A00000000BA
:10B5A00032313B53454C4543543B323B53746570F9
:10B5B0002054726967676572204B65793B25753B3E
:10B5C00053706163656261723B5461623B456E74A6
:10B5D00065720D0A0000000033303B434F4D4D4172
:10B5E0004E443B333B5265626F6F7420746F20553D
:10B5F0005342204446550D0A0000000033313B43BE
:10B600004F4D4D414E443B333B526573746F7265F1
:10B6100020466163746F72792044656D6F0D0A0076
:10B6200033323B434F4D4D414E443B333B536F66AA
:10B630007420526573657420465047410D0A00001E
:10B64000214D454E553A454E440D0A00214C494284
:10B650003A53544152543A25753A256C753A256C43
:10B66000750D0A00214C49423A50524F473A303B3F
:10B67000427261696E6675696E6F3B256C753B3110
:10B680003B310D0A00000000214C49423A50524F14
:10B69000473A25753B25733B256C753B25753B303B
:10B6A0000D0A0000214C49423A454E440D0A000063
:10B6B0000D0A1B5B306D5B436F6E666967205361DB
:10B6C0007665645D20526573756D696E67204272A0
:10B6D00061696E6675696E6F2028436C6F636B3AA3
:10B6E000202573292E2E2E0D0A0000005B4D616E61
:10B6F00075616C2053746570204D6F6465204163E3
:10B70000746976653A2050726573732025732074CE
:10B710006F20737465702025735D0D0A00000000B2
:10B720000D0A5B436F6E746967756F757320737074
:10B73000616365206E65656465643A204465667280
:10B7400061676D656E74696E67204C6962726172C3
:10B750007920506172746974696F6E2E2E2E5D0DA2
:10B760000A0000002020436F6D70616374696E678A
:10B7700020536C6F7420253032643A2027257327BC
:10B780002028256C752042292E2E2E0D0A0000003F
:10B79000526577726974696E6720466C61736820C0
:10B7A000706F6F6C2E2E2E2000000000446F6E65AF
:10B7B0002E0D0A5B436F6D70616374696F6E206359
:10B7C0006F6D706C6574653A2041637469766520AD
:10B7D00070726F6772616D73207061636B65642056
:10B7E000666F72776172645D0D0A0D0A00000000D9
:10B7F0000D0A466C617368696E67202573202825E1
:10B800006C75206279746573292E2E2E0D0A000046
:10B810000D0A446174612073697A653A20256C755C
:10B820002062797465730D0A00000000457261732F
:10B83000696E6720524F4D2E2E2E2000446F6E658C
:10B840002E0D0A0057726974696E673A20256C756F
:10B8500025252028256C75202F20256C75206279E0
:10B86000746573292E2E2E0D0A000000566572692C
:10B870006679696E6720524F4D2E2E2E20000000F3
:10B880004D49534D41544348206174206279746599
:10B8900020256C75212028457870656374656420C7
:10B8A0003078253032582C2072656164203078253C
:10B8B000303258290D0A00004F4B210D0A000000BC
:10B8C00046696E6973686564212050726F677261A2
:10B8D0006D207772697474656E2073756363657328
:10B8E0007366756C6C792E0D0A0000004175746FDB
:10B8F0002D6C61756E6368696E672070726F677218
:10B90000616D2E2E2E0D0A005072657373207468BF
:10B910006520526573657420627574746F6E20744F
:10B920006F2072756E207468652070726F67726127
:10B930006D2E0D0A000000000D0A0D0A3D3D3D2050
:10B94000524553544F52494E472044454641554C69
:10B950005420425241494E4655494E4F2044454D90
:10B960004F203D3D3D0D0A00427261696E6675696A
:10B970006E6F204153434949204C6F676F000000B0
:10B980000D0A5B5265626F6F74696E6720696E7431
:10B990006F2053544D333220555342204446552096
:10B9A000426F6F746C6F616465722E2E2E5D0D0A8E
:10B9B000000000000D0A526573746F72696E672093
:10B9C00044656661756C742044656D6F20746F20EA
:10B9D000466C6173682E2E2E0D0A000021444655D8
:10B9E0002100000021524553455400002152535478
:10B9F000000000002144554D5000000021524F4DE1
:10BA00003A44554D50000000214D454E552A000046
:10BA1000214C49422A000000214C49423A4C4953EA
:10BA200054000000214C49423A52554E3A00000061
:10BA3000214C49423A44554D503A0000214C49426C
:10BA40003A44454C3A000000214C49423A414444B2
:10BA50005F4E4F5645524946593A0000557365723C
:10BA60005F50726F67000000214C49423A414444E4
:10BA70003A00000021434F4D4D495400214C4942AA
:10BA80003A434F4D4D4954002143414E43454C00EC
:10BA9000214C49423A43414E43454C00214D454ECD
:10BAA0005500000021434F4E46494700215345545D
:10BAB0003A000000215345543A4F4B3A256C753DEE
:10BAC000256C750D0A00000021434D443A0000002A
:10BAD00021434D443A4F4B3A256C750D0A00000046
:10BAE00021434C4B2B00000021434C4F434B2B0078
:10BAF00021434C4B2D00000021434C4F434B2D0064
:10BB000021434C4B0000000021434C4F434B0000AD
:10BB10005B436C6F636B3A2025735D0D0A00000078
:10BB20000D0A3D3D3D204155544F2D50524F475237
:10BB3000414D204D4F4445203D3D3D0D0A55706C13
:10BB40006F6164696E6720427261696E6675636BCE
:10BB500020636F64652E2E2E0D0A0000040810204D
:10BB600040000000214C49423A52554E3A4F4B3A60
:10BB700025750D0A00000000214C49423A44454C0D
:10BB80003A4F4B3A25750D0A00000000214C4942FE
:10BB90003A4144443A52454144593A25730D0A000A
:10BBA0000D0A5B62665FC2B5502072657365745D95
:10BBB0002025730D0A0000000D0A0D0A3D3D3D20B1
:10BBC000425241494E4655494E4F2050524F4752DE
:10BBD000414D204D4F4445203D3D3D0D0A50617380
:10BBE000746520427261696E6675636B20636F6471
:10BBF00065206E6F772028757020746F203235367F
:10BC0000206B42292E2E2E0D0A0000000D0A5B52D9
:10BC1000756E6E696E672070726F6772616D5D0D13
:10BC20000A0000000D0A5B44656C6574656420536E
:10BC30006C6F7420253032645D0D0A000D0A4E6170
:10BC40006D653A2025730D0A000000005072657082
:10BC50006172696E67207363726174636870616496
:10BC60002E2E2E200000000052656164792E0D0AF0
:10BC700000000000506173746520427261696E6655
:10BC800075636B20636F6465206E6F772028707218
:10BC900065737320456E746572206F7220706175D4
:10BCA0007365203130306D73207768656E20646F66
:10BCB0006E65292E2E2E0D0A000000000D0A526519
:10BCC00063656976656420256C752076616C6964AE
:10BCD0002062797465732E0D0A0000005B50727546
:10BCE0006E652053746174733A205265636569769A
:10BCF000656420256C752042207C204B6570742083
:10BD0000256C752042207C20536176656420256C6B
:10BD1000752E256C752525206E6F6E2D424620638D
:10BD20006F6D6D656E74735D0D0A00000D0A5B45E5
:10BD300052524F523A2050726F6772616D20736990
:10BD40007A652028256C7520422920657863656511
:10BD5000647320746F74616C204C696272617279D3
:10BD600020636170616369747920283736206B42E3
:10BD7000295D0D0A0D0A00000D0A5B5761726E699C
:10BD80006E673A2050726F6772616D2072657175CF
:10BD90006972657320256C7520422C2062757420B1
:10BDA0006F6E6C7920256C75204220667265652067
:10BDB000286E65656420256C752042206D6F726564
:10BDC000295D0D0A000000004163746976652070EA
:10BDD000726F6772616D7320746861742063616E45
:10BDE0002062652064656C6574656420746F206DE5
:10BDF000616B6520726F6F6D3A0D0A002020536CE5
:10BE00006F7420253032643A20252D313573205B44
:10BE1000256C7520425D0D0A0000000054797065A4
:10BE200020736C6F74206E756D62657220746F2064
:10BE300064656C6574652C206F72205B305D2074C6
:10BE40006F2063616E63656C3A2000000D0A5361D8
:10BE500076696E67206469726563746C7920746FAB
:10BE6000204C69627261727920284E6F207465736C
:10BE70007420726571756573746564292E2E2E0D9C
:10BE80000A0000000D0A0D0A52756E6E696E672079
:10BE90006F6E20427261696E6675696E6F2E2E2E0E
:10BEA0000D0A0000214C49423A544553543A535428
:10BEB0004152543A31300D0A0000000052756E2094
:10BEC0006F6E20427261696E6675696E6F20746F65
:10BED00020766572696679206265666F7265207387
:10BEE0006176696E673F205B592F6E5D3A200000D6
:10BEF0005B53756666696369656E74207370616310
:10BF00006520636C65617265643A20256C7520421A
:10BF100020667265652E2050726F63656564696E78
:10BF200067215D0D0A0D0A005374696C6C206E6503
:10BF3000656420256C752042206D6F72652E20543B
:10BF400079706520616E6F7468657220736C6F74B0
:10BF500020746F2064656C65746520286F722030D2
:10BF600020746F2063616E63656C293A20000000C5
:10BF70004E6F0D0A536176696E672064697265635E
:10BF8000746C7920746F204C6962726172792E2E04
:10BF90002E0D0A005965730D0A0D0A52756E6E69F1
:10BFA0006E67206F6E20427261696E6675696E6F92
:10BFB0002E2E2E0D0A00000050726573732052451C
:10BFC00053455420627574746F6E20286F7220740C
:10BFD0007970652021525354292077697468696EFD
:10BFE0002031307320746F2061626F72742E0D0ADD
:10BFF000000000004175746F2D736176696E6720D3
:10C00000696E2031307320286F72207072657373EF
:10C0100020456E74657220746F2073617665206EA2
:10C020006F77292E2E2E0D0A0D0A00000D0A0D0A1B
:10C030005B55706C6F61642043616E63656C6C6509
:10C04000643A2050726F6772616D20776173204E81
:10C050004F5420736176656420746F204C6962725E
:10C060006172795D0D0A0D0A00000000214C494201
:10C070003A544553543A43414E43454C0D0A00004F
:10C080000D0A0D0A5B566572696669636174696FB2
:10C090006E20636F6D706C6574653A2053617669CC
:10C0A0006E6720746F204C6962726172792E2E2E39
:10C0B0005D0D0A000D0A0D0A5B3130732056657262
:10C0C000696669636174696F6E20456C6170736540
:10C0D000643A204175746F2D736176696E672074C0
:10C0E0006F204C6962726172792E2E2E5D0D0A00EE
:10C0F0000D0A5B535543434553533A2053617665CC
:10C100006420746F20536C6F7420253032643A20A1
:10C11000272573272028256C75206279746573297B
:10C120005D0D0A0D0A000000214C49423A54455366
:10C13000543A444F4E453A25750D0A000D0A5B45A9
:10C1400052524F523A204661696C656420746F20E8
:10C15000736176652070726F6772616D20746F20F5
:10C160004C69627261727920706172746974696F6E
:10C170006E5D0D0A0D0A0000214C49423A544553A8
:10C18000543A4552524F520D0A0000000D0A5072A7
:10C190006F6772616D206C6172676572207468618F
:10C1A0006E2052414D206275666665722E20537472
:10C1B0007265616D696E67206469726563746C791C
:10C1C00020746F20466C6173682E2E2E0D0A457206
:10C1D0006173696E6720524F4D2E2E2E2000000095
:10C1E00057726F746520256C752062797465732EA3
:10C1F0002E2E0D0A000000000D0A5761726E696E46
:10C20000673A20466C61736820636170616369748A
:10C21000792028323536206B4229207265616368A7
:10C22000656421205472756E636174696E672E0DAA
:10C230000A0000000D0A46696E6973686564212072
:10C2400057726F746520256C752062797465732050
:10C25000746F74616C2E0D0A000000000D0A5B50B3
:10C2600072756E652053746174733A20526563650C
:10C270006976656420256C752042207C204B6570B2
:10C280007420256C752042207C20536176656420E3
:10C29000256C752E256C752525206E6F6E2D4246FA
:10C2A00020636F6D6D656E74735D0D0A0000000094
:10C2B00031205469636B00003130205469636B7323
:10C2C00000000000316B205469636B7300000000B4
:10C2D00031306B205469636B730000003130306B78
:10C2E000205469636B7300005B20204F50454E2043
:10C2F000205D00005B205245424F4F54205D0000FE
:10C300005B20524553544F52455D00005B20204551
:10C3100058495420205D00005B2043414E43454C6A
:10C32000205D0000312E2050726F6772616D204CCD
:10C33000696272617279202020202020202D2D3EFC
:10C3400000000000322E204861726477617265201F
:10C3500053657474696E677320202020202D2D3E54
:10C3600000000000332E205265626F6F7420746FDE
:10C3700020555342204446552020202020202020B4
:10C3800000000000342E20526573746F72652046E1
:10C390006163746F72792044656D6F2020202020C6
:10C3A00000000000352E2053617665202620457858
:10C3B00069742020202020202020202020202020E0
:10C3C00000000000302E2045786974207769746879
:10C3D0006F757420536176696E67202020202020BD
:10C3E00000000000323520487A0000003530204837
:10C3F0007A00000031303020487A00003235302099
:10C40000487A000035303020487A000031206B48EF
:10C410007A00000032206B487A00000035206B481B
:10C420007A0000003130206B487A00003235206BF2
:10C43000487A00003530206B487A000036322E35BD
:10C44000206B487A00000000313235206B487A00BA
:10C45000323530206B487A00353030206B487A0016
:10C46000373530206B487A0031204D487A00000083
:10C47000312E35204D487A0032204D487A00000098
:10C4800033204D487A00000034204D487A000000E7
:10C4900036204D487A00000038204D487A000000D0
:10C4A0003132204D487A00000203040506070809CE
:10C4B0000A0B0C0D0E0F1010000000000102030407
:10C4C00005060708090A0B0C0D0E0F1000000000EE
:10C4D000436C6F73757265204C61626F7261746F2B
:10C4E0007269657300000000427261696E66756969
:10C4F0006E6F000043444320436F6E66696700001F
:10C5000043444320496E74657266616365000000B0
:10C51000B01200089E120008861200086E12000871
:10C520004E120008361200081E12000806120008FB
:10C53000EC110008D21100084A110008A0110008EF
:10C5400054110008E8280008FA2800083E290008CD
:10C550000A29000816290008DE280008D02900084A
:10C560000C2A0008002A0008C4290008AC29000889
:10C57000A0290008942900088829000876290008C5
:10C580006A2900084C290008EC290008DC29000869
:10C59000CE3A0008C23A0008B43A000864310008F4
:10C5A0003032000824320008183200080C3200082B
:10C5B000483D0008323D0008243A0008983A000837
:10C5C000F438000826370008263700082637000808
:10C5D00026370008263700082637000826370008C7
:10C5E00026370008263700082637000826370008B7
:10C5F00026370008263700082637000826370008A7
:10C600002637000826370008263700082637000896
:10C610002637000826370008263700082637000886
:10C620002637000826370008263700082637000876
:10C630002637000826370008263700082637000866
:10C640002637000826370008263700082637000856
:10C650002637000826370008263700082637000846
:10C66000F43800081438000814380008143800089A
:10C67000143800081438000814380008143800086A
:10C680001438000814380008263700082637000838
:10C690002637000826370008263700082637000806
:10C6A000263700080A380008F43800082637000842
:10C6B00048380008EC3700082637000826370008FD
:10C6C00026370008263700082637000826370008D6
:10C6D000EC37000826370008263700082637000800
:10C6E00026370008F43800082637000826370008E7
:10C6F0002637000826370008BC3700082637000810
:10C700004838000826370008263700082637000872
:10C710002637000826370008263700082637000885
:10C72000263700080A380008F438000826370008C1
:10C7300048380008EC37000826370008263700087C
:10C740002637000826370008263700082637000855
:10C75000EC3700082637000826370008263700087F
:10C7600026370008F4380008263700082637000866
:10C770002637000826370008BC370008263700088F
:10C7800048380008263700082637000826370008F2
:10C79000263700082637000826370008F438000836
:10C7A00032380008A8370008A8370008A837000862
:10C7B000A8370008A8370008A8370008A8370008DD
:10C7C000A8370008A8370008A8370008A8370008CD
:10C7D000A8370008A8370008D8380008BE38000875
:10C7E0009838000870380008B0C20008B8C20008C5
:10C7F000BCAD0008C4C20008D0C20008DCC20008FA
:10C800002B2B2B2B2B2B2B2B2B2B5B3E2B2B2B2B35
:10C810002B2B2B2B2B3E2B2B2B2B2B2B2B2B2B2B55
:10C820002B2B3E2B2B2B2B2B2B3E2B2B2B2B2B3E1F
:10C830002B2B2B2B2B2B2B2B3E2B2B2B2B2B2B2B35
:10C840002B2B2B2B3E2B2B2B2B3C3C3C3C3C3C3CAE
:10C850002D5D3E2B3E2B2B2B3E3E3E3E3E2D2D2D69
:10C860002D2D2D2D2D2E2E3C3C3C3C3C3C2B2B2BA2
:10C870002B2E2E2E2E3E3E3E3E3E3E2E2E2E2E2E7B
:10C880002E2E2E2E2E2E2E3C3C3C3C3C3C2E3E3E54
:10C890003E3E3E3E2E2E2E2E2E2E2E2E3C3C3C3C40
:10C8A0003C3C2E2E3E3E3E3E3E3E2E2E2E2E2E2E2C
:10C8B0002E3C3C3C3C3C3C2E3E3E3E3E3E3E2E2EE4
:10C8C0002E2E2E2E2E2E2E2E2E2E2E3C3C3C3C3C42
:10C8D0003C3C2B2B2B2B2B2B2B2B2B2B2B2B2B2E83
:10C8E0002D2D2D2E3E3E3E3E3E3E3E2E3C3C3C3CC3
:10C8F0003C2B2E3E3E3E3E3E2E3C3C3C3C3C3C2EA9
:10C900002E3E3E3E3E3E3E2E2B2B2B2B2B2B2B2BFF
:10C910002B2E2D2D2D2D2D2D2D2D2D2E3C3C3C3C0B
:10C920003C3C2E3E3E3E3E3E3E2E3C3C3C3C3C3C57
:10C930002E2E3E3E3E3E3E3E2E3C3C3C3C3C3C2E63
:10C940002E3E3E3E3E3E3E2E3C3C3C3C3C3C2E3E43
:10C950003E3E3E3E3E2B2B2B2B2B2B2B2B2E3C3CA3
:10C960003C3C3C3C2E3E3E3E3E3E3E2B2E3C3C3C28
:10C970003C3C3C2E3E3E3E3E3E3E2D2D2D2D2D2D53
:10C980002D2D2D2E3C3C3C3C3C3C2E2E3E3E3E3E36
:10C990003E3E2E2E2B2B2B2B2B2B2B2B2B2B2B2BBB
:10C9A0002B2B2B2E2D2D2D2D2D2D2D2D2D2D2D2DBC
:10C9B0002D2D2D2E3C3C3C3C3C3C2E3E2E3C2E3E18
:10C9C0003E3E3E3E3E2E2E2E3C3C3C3C3C3C2E3ED3
:10C9D0003E3E3E3E3E2B2B2B2B2B2B2B2B2E3C3C23
:10C9E0003C3C3C3C2E3E3E3E3E3E3E2B2E3C3C3CA8
:10C9F0003C3C3C2E3E3E3E3E3E3E2D2D2D2D2D2DD3
:10CA00002D2D2D2E3C3C3C3C3C3C2E2E3E3E3E3EB5
:10CA10003E3E2E2E2E3C3C3C3C3C3C2E2E2E3E3EA2
:10CA20003E3E3E3E2E2E3C3C3C3C3C3C3C2B2B2B8D
:10CA30002E2D2D2D2E3E3E3E3E3E3E3E2E3C3C3C7F
:10CA40003C3C2E3E3E3E3E3E2E2E3C3C3C3C3C3C46
:10CA50002E3E3E3E3E3E3E2E3C3C3C3C3C3C2D2D44
:10CA60002D2E3E2E3E3E3E3E3E2E2B2B2B2B2B2B99
:10CA70002B2E3C3C3C3C3C3C2B2B2B2E2E3E3E3E5E
:10CA80003E3E3E2B2B2B2B2B2B2B2B2E2D2D2D2DB2
:10CA90002D2D2D2D2D2D2D2D2D2D2D2E3C3C3C3C89
:10CAA0003C3C2E2B2E3E3E3E3E3E3E2E3C3C3C3CF5
:10CAB0003C2E3E3E3E3E3E2E3C3C3C3C3C2E3E3ED2
:10CAC0003E3E3E2E2B2B2B2B2B2B2B2E3C3C3C3C33
:10CAD0003C3C2D2E3E3E3E3E3E3E2D2D2D2D2D2D01
:10CAE0002D2E3C3C3C3C3C3C2D2D2D2E3E2E3E3EE6
:10CAF0003E3E3E2E3C3C3C3C3C2E3C2B2B2B2E3ECB
:10CB00002E3E3E3E3E3E2E3C3C3C3C3C2E3E3E3E7F
:10CB10003E3E2E3C3C3C3C3C2E3E3E3E3E3E2E3C71
:10CB20003C3C3C3C2E3E3E3E3E3E2E3C3C3C3C3C57
:10CB30002E3E3E3E3E3E2E2B2B2B2B2B2B2B2E3CCC
:10CB40003C3C3C3C3C2E3E3E3E3E3E3E2D2D2D2D63
:10CB50002D2D2D2E3C3C3C3C3C3C2D2D2D2E3E3E87
:10CB60003E3E3E3E2E2B2B2B2B2B2B2B2B2B2B2BC6
:10CB70002B2B2B2B2E2D2D2D2D2D2D2D2D2D2D2DEC
:10CB80002D2D2D2D2E3C3C3C3C3C3C2B2B2B2E3E6E
:10CB90003E3E3E3E3E2E3C3C3C3C3C3C2D2D2D2E14
:10CBA0003E3E3E3E3E3E2E3C3C3C3C3C3C3C2B2BE9
:10CBB0002B2E2D2D2D2E3E3E3E3E3E3E3E2E3C3C0F
:10CBC0003C3C3C2E3E3E3E3E3E2E3C3C3C3C3C2EC5
:10CBD0003C2B2B2B2E3E3E3E3E3E3E2B2B2B2B2B1F
:10CBE0002B2B2B2B2E2D2D2D2D2D2D2D2D2D2E3C6C
:10CBF0003C3C3C3C2E3E3E3E3E3E2E3C3C3C3C3C87
:10CC00002E3E3E3E3E3E2E3C3C3C3C3C2E3E3E3E7E
:10CC10003E3E2E2B2B2B2B2B2B2B2B2E3C3C3C3CF4
:10CC20003C3C2E3E2E3E3E3E3E3E2D2D2D2D2D2DAE
:10CC30002D2D2E3C3C3C3C3C2E3E3E3E3E3E2E3C72
:10CC40003C3C3C3C2E3E3E3E3E3E2E3C3C3C3C3C36
:10CC50002E3E3E3E3E3E2E3C3C3C3C3C2E3E3E3E2E
:10CC60003E3E2E3C3C3C3C3C2E3E3E3E3E3E2E2E2E
:10CC70003C3C3C3C3C3C2E3E2E3E3E3E3E3E2E3C12
:10CC80003C3C3C3C2E3C2E3E2E3E3E3E3E3E2E3C10
:10CC90003C3C3C3C2E3E3E3E3E3E2E3C3C3C3C3CE6
:10CCA0002E3E3E3E3E3E2E3C3C3C3C3C2E3E3E3EDE
:10CCB0003E3E2E3C3C3C3C3C2E3E3E3E3E3E2E3CD0
:10CCC0003C3C3C3C2E3E3E3E3E3E2E2B2B2B2B2B0B
:10CCD0002B2B2B2E3C3C3C3C3C3C2E3E3E3E3E3ED9
:10CCE0003E2B2E2D2D2D2D2D2D2D2D2D2E3C3C3C36
:10CCF0003C3C2E3C3C2B2B2B2E2D2D2D2E3E3E3EF8
:10CD00003E3E3E3E2E3C3C3C3C3C2E3C2E2E2E2EAF
:10CD10003E3E3E3E3E3E2B2B2B2B2B2B2B2B2B2BF1
:10CD20002B2B2B2B2B2E3C3C3C3C3C2E3C2E3E2ECE
:10CD30003E3E3E3E3E2D2D2D2D2D2D2D2D2D2D2DCE
:10CD40002D2D2D2D2E2E3C3C3C3C3C3C2D2D2D2EB6
:10CD50002B2B2B2E2E3E3E3E3E3E3E2B2B2B2B2BAB
:10CD60002B2B2B2B2B2B2B2E3C3C3C3C3C3C2E3E94
:10CD70002E3C2E3E2E3C2E3E2E3E3E3E3E3E2D2D49
:10CD80002D2D2D2D2D2D2D2D2D2D2E3C3C3C3C3C87
:10CD90002E3C2E3E2E3C2E3E2E3E3E3E3E3E2E2E27
:10CDA0003C3C3C3C3C3C2D2D2D2E2B2B2B2E2E3E4B
:10CDB0003E3E3E3E3E2B2B2B2B2B2B2B2B2B2B2B64
:10CDC0002B2E3C3C3C3C3C3C2E3E2E3C2E3E2E3CF6
:10CDD0002E3E2E3E3E3E3E3E2D2D2D2D2D2D2D2D1B
:10CDE0002D2D2D2D2E3C3C3C3C3C2E3C2E3E2E3CF5
:10CDF0002D2D2D2E2B2B2B2E2E2E3E3E3E3E3E3EFF
:10CE00002B2B2B2B2B2B2B2B2B2B2B2B2B2B2B2E6F
:10CE10002D2D2D2D2D2D2D2D2D2D2D2D2D2D2D2E41
:10CE20003C3C3C3C3C3C3C2B2B2B2E2D2D2D2E3EBC
:10CE30003E3E3E3E3E3E2E2E2E2E2E2E2E2E2E2EB2
:10CE40002E2E2E2E2E2E2E2E2E2E2E2E2E2E2E2E02
:10CE50002E2E2E2E2E2E2E2E2E2E2E2E2E2E2E2EF2
:10CE60002E2E2E2E2E2E2E2E3C3C3C3C3C3C3C2B83
:10CE70002B2B2E2D2D2D2E0048B200080A0000006D
:10CE800001007FBB6300000000000000E4C3000855
:10CE90001900000001007FBB270000000000000017
:10CEA000ECC300083200000001007FBB130000004B
:10CEB00000000000F4C300086400000001007FBB14
:10CEC0000900000000000000FCC30008FA00000098
:10CED00001007FBB030000000000000004C4000844
:10CEE000F401000001007FBB010000000000000011
:10CEF0000CC40008E80300000100DF01630000002B
:10CF00000000000014C40008D00700000100DF0189
:10CF100031000000000000001CC40008881300005D
:10CF20000100DF01130000000000000024C400081D
:10CF3000102700000100DF010900000000000000D0
:10CF40002CC40008A86100000100DF0103000000FC
:10CF50000000000034C4000850C300000100DF01DD
:10CF600001000000000000003CC4000824F40000A0
:10CF700000000000000000000000007548C4000828
:10CF800048E801000000000000000000000000650B
:10CF900050C4000890D00300000000000000000012
:10CFA0000000005558C4000820A107000000000040
:10CFB000000000000000004560C40008B0710B00D4
:10CFC00000000000000000000000006868C40008C5
:10CFD00040420F000000000000000000000000358B
:10CFE00070C4000860E316000000000000000000AC
:10CFF0000000005878C4000880841E000000000073
:10D00000000000000000002580C40008C0C62D00FC
:10D0100000000000000000000000004888C4000874
:10D0200000093D00000000000000000000000015A5
:10D0300090C40008808D5B0000000000000000002C
:10D040000000003898C4000800127A0000000000B8
:10D050000000000000000005A0C40008001BB7008D
:10D060000000000000000000000000280000000098
:10D07000000000000102030406070809FA950008F1
:10D080002C960008949500084E9600089495000888
:10D0900060960008A296000894950008BA960008C9
:10D0A000C6950008949500086E97000854970008EC
:10D0B0004497000894950008949500082C97000860
:10D0C000E4960008C2970008B4970008A6970008E5
:10D0D0009897000880970008D0970008232D302BE0
:10D0E0002000686C4C006566674546470030313269
:10D0F00033343536373839414243444546003031C0
:10D10000323334353637383961626364656600001E
:08D110008033FF7F01000000E5
:04D11800E900000822
:04D11C00C100000846
:10D1200001FFFFFFFFFFFFFF01FF010102010101FE
:10D13000100000000100000000127A000100000051
:10D140000400000009074300020104C03209040082
:10D150000001020201000524001001052401000164
:10D1600004240202052406000107058203080010BA
:10D1700009040100020A0000000705010240000046
:10D18000070581024000000009024300020100C0BF
:10D19000320904000001020201000524001001050B
:10D1A000240100010424020205240600010705826F
:10D1B0000308001009040100020A0000000705012D
:10D1C0000240000007058102400000000902430000
:10D1D000020100C03209040000010202010005241E
:10D1E00000100105240100010424020205240600A8
:10D1F000010705820308001009040100020A00006B
:10D20000000705010200020007058102000200007C
:10D21000D59000088D900008B58F00080000000030
:10D22000CD8E0008658F0008318F000800000000D7
:10D2300000000000000000000D8F0008018F0008B2
:10D24000198F0008258F00080A0600020000004020
:10D2500001000000AD9B0008A59B0008A99B0008E9
:10D26000019C00081A0300000000000000000000FC
:10D2700000000000000000000000000000000000AE
:10D280000403090412010002020200408304405713
:10D290000002010203010000599C0008659C00087F
:10D2A000719C00088D9C0008E19C0008A99C000866
:10D2B000C59C00089801002000000000542D0020AB
:10D2C000BC2D0020242E00200000000000000000E3
:10D2D000000000000000000000000000000000004E
:10D2E000000000000000000000000000000000003E
:10D2F000000000000000000000000000000000002E
:04D300000000000029
:04000005080006A148
:00000001FF
